timestamp,focus_state,confidence_score,focus_score,relaxed_prob,neutral_prob,concentrating_prob,TP9,AF7,AF8,TP10,Right_AUX
20:50:33,concentrating,0.997,1.0,0.33,0.33,0.34,40.527,233.398,34.18,30.273,36.621
20:50:34,concentrating,0.997,1.0,0.33,0.33,0.34,-27.832,100.586,46.387,12.695,63.965
20:50:36,concentrating,0.996,1.0,0.33,0.33,0.34,30.762,-140.625,35.156,22.461,-8.301
20:50:37,concentrating,0.997,1.0,0.33,0.33,0.34,24.414,270.996,30.762,48.828,37.109
20:50:38,concentrating,0.996,1.0,0.33,0.33,0.34,7.324,131.348,28.32,29.785,41.504
20:50:39,concentrating,0.995,1.0,0.33,0.33,0.34,20.02,-15.625,40.039,19.043,23.926
20:50:40,concentrating,0.996,1.0,0.33,0.33,0.34,28.32,235.352,35.645,40.039,40.039
20:50:42,concentrating,0.997,1.0,0.33,0.33,0.34,30.273,7.812,28.809,20.996,45.41
20:50:43,concentrating,0.997,1.0,0.33,0.33,0.34,27.344,96.68,24.902,10.254,0.977
20:50:44,concentrating,0.99,1.0,0.33,0.33,0.34,35.645,-139.648,32.715,89.844,-0.977
20:50:46,concentrating,0.995,1.0,0.33,0.33,0.34,56.641,-117.188,32.715,43.457,58.594
20:50:47,concentrating,0.995,1.0,0.33,0.33,0.34,5.859,351.074,38.086,-0.977,-34.668
20:50:48,concentrating,0.916,1.0,0.33,0.33,0.34,41.992,589.844,20.996,32.715,45.898
20:50:49,concentrating,0.824,1.0,0.33,0.33,0.34,187.012,-616.699,78.613,189.453,36.621
20:50:51,neutral,0.747,0.6,0.33,0.33,0.34,41.992,-340.332,-11.719,68.848,-17.578
20:50:52,concentrating,0.731,1.0,0.33,0.33,0.34,63.477,-151.855,30.273,60.547,6.836
20:50:53,concentrating,0.837,1.0,0.33,0.33,0.34,72.754,318.359,45.898,78.125,46.387
20:50:54,concentrating,0.929,1.0,0.33,0.33,0.34,48.828,-246.582,40.039,45.41,96.68
20:50:56,concentrating,0.996,1.0,0.33,0.33,0.34,54.199,231.934,41.016,58.105,1.465
20:50:57,concentrating,0.997,1.0,0.33,0.33,0.34,48.34,132.812,38.086,38.086,45.41
20:50:58,concentrating,0.997,1.0,0.33,0.33,0.34,45.898,231.445,39.551,61.523,-11.719
20:51:00,concentrating,0.998,1.0,0.33,0.33,0.34,33.203,242.188,38.574,38.574,23.438
20:51:01,concentrating,0.997,1.0,0.33,0.33,0.34,40.039,178.711,46.387,44.434,2.93
20:51:02,concentrating,0.998,1.0,0.33,0.33,0.34,38.574,47.363,41.992,43.457,34.18
20:51:04,concentrating,0.998,1.0,0.33,0.33,0.34,42.48,-149.902,45.41,41.016,2.93
20:51:05,concentrating,0.998,1.0,0.33,0.33,0.34,53.711,-101.562,44.434,52.734,-16.113
20:51:06,concentrating,0.999,1.0,0.33,0.33,0.34,-48.34,210.938,31.25,-86.426,10.254
20:51:08,concentrating,0.997,1.0,0.33,0.33,0.34,36.621,191.895,38.086,50.781,64.941
20:51:09,concentrating,0.997,1.0,0.33,0.33,0.34,39.551,-146.973,34.18,33.203,65.918
20:51:10,concentrating,0.998,1.0,0.33,0.33,0.34,50.293,-105.469,52.734,40.527,49.316
20:51:11,concentrating,0.997,1.0,0.33,0.33,0.34,59.57,-238.77,42.48,40.039,15.137
20:51:13,concentrating,0.998,1.0,0.33,0.33,0.34,33.691,208.008,32.715,40.527,57.129
20:51:14,concentrating,0.998,1.0,0.33,0.33,0.34,56.641,182.129,45.41,52.246,39.062
20:51:15,concentrating,0.997,1.0,0.33,0.33,0.34,31.25,-133.301,38.574,15.137,54.688
20:51:17,concentrating,0.998,1.0,0.33,0.33,0.34,57.617,231.445,54.199,74.219,37.109
20:51:18,concentrating,0.998,1.0,0.33,0.33,0.34,48.828,166.992,33.691,51.758,31.25
20:51:20,concentrating,0.999,1.0,0.33,0.33,0.34,25.879,199.707,32.227,43.945,28.809
20:51:21,concentrating,0.997,1.0,0.33,0.33,0.34,28.32,9.766,36.133,23.438,7.324
20:51:22,concentrating,0.997,1.0,0.33,0.33,0.34,36.621,-130.371,36.621,30.762,-17.578
20:51:23,concentrating,0.998,1.0,0.33,0.33,0.34,32.715,-166.016,29.297,20.508,-7.324
20:51:25,concentrating,0.998,1.0,0.33,0.33,0.34,48.828,191.895,37.109,43.945,-16.113
20:51:26,concentrating,0.998,1.0,0.33,0.33,0.34,37.109,94.727,37.598,46.387,71.777
20:51:27,concentrating,0.996,1.0,0.33,0.33,0.34,93.262,146.484,31.738,87.891,15.137
20:51:28,concentrating,0.998,1.0,0.33,0.33,0.34,17.578,-112.793,26.367,22.461,-26.855
20:51:30,concentrating,0.997,1.0,0.33,0.33,0.34,22.949,115.723,30.273,26.367,1.465
20:51:31,concentrating,0.999,1.0,0.33,0.33,0.34,58.105,155.273,28.32,64.453,-53.711
20:51:32,concentrating,0.998,1.0,0.33,0.33,0.34,0.0,264.16,21.484,12.695,56.641
20:51:33,concentrating,0.998,1.0,0.33,0.33,0.34,30.273,134.277,25.391,21.973,41.504
20:51:35,concentrating,0.999,1.0,0.33,0.33,0.34,34.18,133.789,35.645,23.926,43.457
20:51:36,concentrating,0.998,1.0,0.33,0.33,0.34,32.227,180.664,28.809,28.809,3.906
20:51:37,concentrating,0.999,1.0,0.33,0.33,0.34,18.066,24.414,47.363,19.043,42.969
20:51:39,concentrating,0.997,1.0,0.33,0.33,0.34,35.156,46.387,36.621,29.785,-5.859
20:51:40,concentrating,0.953,1.0,0.33,0.33,0.34,75.195,-415.527,28.32,99.121,-1.953
20:51:41,concentrating,0.892,1.0,0.33,0.33,0.34,13.672,575.684,21.973,-30.273,11.719
20:51:43,concentrating,0.952,1.0,0.33,0.33,0.34,41.504,-162.598,43.457,33.203,61.035
20:51:44,concentrating,0.927,1.0,0.33,0.33,0.34,47.363,52.734,35.156,41.992,-21.484
20:51:46,concentrating,0.997,1.0,0.33,0.33,0.34,30.762,-173.828,32.715,31.738,-21.973
20:51:47,concentrating,0.998,1.0,0.33,0.33,0.34,36.133,44.434,32.227,20.996,42.969
20:51:49,concentrating,0.998,1.0,0.33,0.33,0.34,27.344,107.91,41.504,21.484,41.992
20:51:50,concentrating,0.999,1.0,0.33,0.33,0.34,30.762,-151.367,10.742,29.785,77.637
20:51:51,concentrating,0.998,1.0,0.33,0.33,0.34,-42.969,93.75,50.781,-55.176,27.832
20:51:53,concentrating,0.999,1.0,0.33,0.33,0.34,32.227,184.57,40.527,35.645,44.922
20:51:54,concentrating,0.999,1.0,0.33,0.33,0.34,33.691,-212.891,30.762,20.508,-18.066
20:51:55,concentrating,0.999,1.0,0.33,0.33,0.34,18.555,123.535,31.738,37.598,39.551
20:51:57,concentrating,0.998,1.0,0.33,0.33,0.34,18.066,-100.098,23.438,31.25,32.715
20:51:58,concentrating,0.997,1.0,0.33,0.33,0.34,11.719,84.961,22.461,18.066,-24.902
20:51:59,concentrating,0.997,1.0,0.33,0.33,0.34,33.691,-191.895,26.855,11.23,29.297
20:52:01,concentrating,0.998,1.0,0.33,0.33,0.34,50.781,245.605,30.273,34.668,41.504
20:52:02,concentrating,0.997,1.0,0.33,0.33,0.34,25.879,-99.609,28.32,26.855,-9.766
20:52:03,concentrating,0.998,1.0,0.33,0.33,0.34,45.898,228.027,42.969,47.363,59.57
20:52:05,concentrating,0.996,1.0,0.33,0.33,0.34,58.105,234.375,42.48,56.641,0.977
20:52:06,concentrating,0.998,1.0,0.33,0.33,0.34,33.691,83.496,34.668,39.551,16.602
20:52:07,concentrating,0.999,1.0,0.33,0.33,0.34,70.801,244.629,39.062,79.102,24.414
20:52:09,concentrating,0.998,1.0,0.33,0.33,0.34,34.18,237.305,48.828,34.668,51.27
20:52:10,concentrating,0.998,1.0,0.33,0.33,0.34,47.852,234.863,32.227,50.293,82.031
20:52:11,concentrating,0.998,1.0,0.33,0.33,0.34,34.668,219.727,37.109,36.133,28.32
20:52:13,concentrating,0.998,1.0,0.33,0.33,0.34,41.992,-213.379,35.645,41.992,31.738
20:52:14,concentrating,0.999,1.0,0.33,0.33,0.34,20.996,224.609,27.832,41.016,-9.277
20:52:16,concentrating,0.999,1.0,0.33,0.33,0.34,18.066,-209.473,17.09,0.977,63.477
20:52:17,concentrating,0.998,1.0,0.33,0.33,0.34,62.012,222.168,32.715,64.941,5.859
20:52:18,concentrating,0.998,1.0,0.33,0.33,0.34,35.156,-189.453,25.391,31.738,4.395
20:52:19,concentrating,0.997,1.0,0.33,0.33,0.34,47.852,106.445,34.668,39.062,49.316
20:52:21,concentrating,0.997,1.0,0.33,0.33,0.34,35.645,-99.121,20.508,18.555,-14.648
20:52:22,concentrating,0.997,1.0,0.33,0.33,0.34,36.133,121.582,38.574,21.484,33.691
20:52:23,concentrating,0.996,1.0,0.33,0.33,0.34,-34.18,95.703,33.691,-73.73,23.438
20:52:24,concentrating,0.994,1.0,0.33,0.33,0.34,33.203,32.715,36.621,36.133,18.066
20:52:26,concentrating,0.996,1.0,0.33,0.33,0.34,49.805,182.129,31.738,34.668,60.059
20:52:27,concentrating,0.995,1.0,0.33,0.33,0.34,39.551,110.352,27.832,42.969,20.996
20:52:28,concentrating,0.996,1.0,0.33,0.33,0.34,29.297,-77.637,38.574,30.762,57.617
20:52:29,concentrating,0.997,1.0,0.33,0.33,0.34,26.367,-202.637,32.227,19.043,34.668
20:52:31,concentrating,0.998,1.0,0.33,0.33,0.34,35.645,171.875,32.715,41.016,1.953
20:52:32,concentrating,0.998,1.0,0.33,0.33,0.34,23.926,121.582,18.066,37.109,0.488
20:52:34,concentrating,0.998,1.0,0.33,0.33,0.34,21.484,114.258,37.598,13.672,-33.691
20:52:35,concentrating,0.998,1.0,0.33,0.33,0.34,32.715,47.363,29.785,29.297,-1.465
20:52:36,concentrating,0.998,1.0,0.33,0.33,0.34,36.133,137.207,43.457,37.598,0.488
20:52:38,concentrating,0.997,1.0,0.33,0.33,0.34,48.828,-140.625,31.25,32.227,67.871
20:52:39,concentrating,0.997,1.0,0.33,0.33,0.34,37.109,133.301,41.992,36.133,29.297
20:52:40,concentrating,0.997,1.0,0.33,0.33,0.34,52.246,64.941,30.273,62.012,8.301
20:52:41,concentrating,0.998,1.0,0.33,0.33,0.34,17.09,-221.68,30.273,25.879,-21.484
20:52:43,concentrating,0.997,1.0,0.33,0.33,0.34,-2.93,103.516,32.715,-3.906,-29.297
20:52:44,concentrating,0.996,1.0,0.33,0.33,0.34,-28.809,125.0,51.27,-30.273,-12.695
20:52:45,concentrating,0.989,1.0,0.33,0.33,0.34,82.52,13.672,42.969,84.473,-15.137
20:52:46,concentrating,0.992,1.0,0.33,0.33,0.34,28.809,203.125,31.25,31.738,68.848
20:52:47,concentrating,0.995,1.0,0.33,0.33,0.34,29.785,96.68,30.273,20.02,11.719
20:52:49,concentrating,0.996,1.0,0.33,0.33,0.34,25.879,28.32,29.785,29.297,34.668
20:52:50,concentrating,0.996,1.0,0.33,0.33,0.34,12.695,99.121,37.109,34.668,60.547
20:52:51,concentrating,0.998,1.0,0.33,0.33,0.34,36.133,-22.949,30.762,32.715,17.09
20:52:53,concentrating,0.999,1.0,0.33,0.33,0.34,3.906,159.18,26.855,16.602,31.25
20:52:54,concentrating,0.998,1.0,0.33,0.33,0.34,16.602,-58.105,28.809,16.602,-1.465
20:52:55,concentrating,0.997,1.0,0.33,0.33,0.34,17.09,242.676,25.391,9.277,77.148
20:52:57,concentrating,0.996,1.0,0.33,0.33,0.34,8.789,-65.43,32.715,20.996,44.922
20:52:58,concentrating,0.998,1.0,0.33,0.33,0.34,42.48,-17.09,39.551,51.27,25.879
20:53:00,concentrating,0.998,1.0,0.33,0.33,0.34,36.133,-197.266,35.156,38.574,18.555
20:53:01,concentrating,0.998,1.0,0.33,0.33,0.34,32.715,-187.012,45.41,42.48,36.133
20:53:02,concentrating,0.997,1.0,0.33,0.33,0.34,48.34,-262.695,30.273,-9.766,22.461
20:53:03,concentrating,0.995,1.0,0.33,0.33,0.34,26.367,264.16,40.527,41.504,50.781
20:53:04,concentrating,0.996,1.0,0.33,0.33,0.34,40.527,242.676,34.668,63.477,30.762
20:53:05,concentrating,0.995,1.0,0.33,0.33,0.34,26.855,-155.273,49.316,23.926,29.785
20:53:07,concentrating,0.996,1.0,0.33,0.33,0.34,10.742,114.746,36.621,62.5,74.219
20:53:08,concentrating,0.995,1.0,0.33,0.33,0.34,52.246,-275.391,39.551,0.488,27.344
20:53:09,concentrating,0.989,1.0,0.33,0.33,0.34,29.297,-53.223,34.668,37.109,68.848
20:53:11,concentrating,0.988,1.0,0.33,0.33,0.34,17.09,188.477,33.691,31.25,20.508
20:53:12,concentrating,0.993,1.0,0.33,0.33,0.34,51.27,-269.043,30.273,60.547,114.746
20:53:13,concentrating,0.992,1.0,0.33,0.33,0.34,-35.156,253.418,23.926,-64.453,-16.602
20:53:14,concentrating,0.992,1.0,0.33,0.33,0.34,30.273,141.602,26.855,36.133,91.797
20:53:16,concentrating,0.993,1.0,0.33,0.33,0.34,41.504,288.574,41.504,18.066,23.926
20:53:17,concentrating,0.993,1.0,0.33,0.33,0.34,25.391,137.207,31.25,32.715,39.062
20:53:18,concentrating,0.995,1.0,0.33,0.33,0.34,17.578,142.578,17.09,23.926,58.105
20:53:19,concentrating,0.998,1.0,0.33,0.33,0.34,34.18,37.109,37.598,31.738,46.387
20:53:20,concentrating,0.997,1.0,0.33,0.33,0.34,-2.441,155.273,35.645,0.977,35.645
20:53:21,concentrating,0.998,1.0,0.33,0.33,0.34,21.973,312.012,20.508,14.648,73.242
20:53:23,concentrating,0.996,1.0,0.33,0.33,0.34,-16.602,39.551,50.293,-20.996,15.625
20:53:24,concentrating,0.997,1.0,0.33,0.33,0.34,21.484,75.684,28.32,18.066,37.598
20:53:25,concentrating,0.997,1.0,0.33,0.33,0.34,17.578,161.133,41.992,25.391,39.062
20:53:27,concentrating,0.998,1.0,0.33,0.33,0.34,36.133,48.34,44.922,41.992,31.738
20:53:28,concentrating,0.998,1.0,0.33,0.33,0.34,41.504,-154.785,31.25,44.922,17.578
20:53:29,concentrating,0.997,1.0,0.33,0.33,0.34,29.785,154.297,32.227,34.668,-12.207
20:53:31,concentrating,0.992,1.0,0.33,0.33,0.34,38.086,127.441,38.086,47.852,31.738
20:53:32,concentrating,0.97,1.0,0.33,0.33,0.34,49.316,109.375,30.762,43.945,9.277
20:53:33,concentrating,0.99,1.0,0.33,0.33,0.34,34.668,232.91,28.809,39.062,53.711
20:53:34,concentrating,0.998,1.0,0.33,0.33,0.34,41.504,126.465,41.504,33.691,22.949
20:53:36,concentrating,0.998,1.0,0.33,0.33,0.34,47.363,103.516,48.34,24.902,0.977
20:53:37,concentrating,0.997,1.0,0.33,0.33,0.34,25.879,229.98,20.02,27.344,4.883
20:53:38,concentrating,0.995,1.0,0.33,0.33,0.34,20.508,-20.996,31.25,22.949,23.438
20:53:40,concentrating,0.996,1.0,0.33,0.33,0.34,-14.16,-91.309,39.062,-16.602,-32.227
20:53:41,concentrating,0.996,1.0,0.33,0.33,0.34,27.344,242.676,35.156,49.316,31.25
20:53:43,concentrating,0.994,1.0,0.33,0.33,0.34,62.012,-235.84,23.926,49.316,22.949
20:53:44,concentrating,0.993,1.0,0.33,0.33,0.34,46.387,137.695,38.574,22.461,49.805
20:53:45,concentrating,0.996,1.0,0.33,0.33,0.34,82.52,-140.137,31.25,70.312,-28.809
20:53:47,concentrating,0.997,1.0,0.33,0.33,0.34,24.414,256.348,33.691,20.996,20.508
20:53:48,concentrating,0.997,1.0,0.33,0.33,0.34,25.879,109.863,32.715,10.254,-1.465
20:53:49,concentrating,0.996,1.0,0.33,0.33,0.34,35.156,123.047,43.457,37.598,33.691
20:53:51,concentrating,0.998,1.0,0.33,0.33,0.34,34.18,90.332,38.574,33.203,-2.441
20:53:52,concentrating,0.998,1.0,0.33,0.33,0.34,38.574,-21.973,29.785,-9.766,2.93
20:53:54,concentrating,0.997,1.0,0.33,0.33,0.34,40.039,-67.383,41.016,34.18,16.113
20:53:56,concentrating,0.995,1.0,0.33,0.33,0.34,10.254,188.965,36.133,15.137,104.98
20:53:57,concentrating,0.994,1.0,0.33,0.33,0.34,29.297,238.281,29.297,32.227,41.504
20:53:58,concentrating,0.994,1.0,0.33,0.33,0.34,26.855,415.039,31.25,26.855,29.785
20:54:00,concentrating,0.99,1.0,0.33,0.33,0.34,42.48,-153.809,38.574,16.602,-7.324
20:54:01,concentrating,0.987,1.0,0.33,0.33,0.34,10.742,100.098,27.832,21.484,47.852
20:54:02,concentrating,0.985,1.0,0.33,0.33,0.34,31.25,167.969,36.133,34.18,-42.48
20:54:04,concentrating,0.995,1.0,0.33,0.33,0.34,17.09,-331.543,29.785,18.066,36.133
20:54:05,concentrating,0.991,1.0,0.33,0.33,0.34,10.742,295.898,36.133,17.09,83.984
20:54:07,concentrating,0.998,1.0,0.33,0.33,0.34,41.992,92.285,28.809,15.137,62.012
20:54:08,concentrating,0.996,1.0,0.33,0.33,0.34,19.531,119.629,52.734,57.129,43.457
20:54:09,concentrating,0.994,1.0,0.33,0.33,0.34,-8.789,98.145,73.73,-10.254,27.344
20:54:11,concentrating,0.991,1.0,0.33,0.33,0.34,39.551,301.758,38.574,60.547,3.906
20:54:12,concentrating,0.993,1.0,0.33,0.33,0.34,41.992,-366.699,41.016,18.555,8.301
20:54:13,concentrating,0.994,1.0,0.33,0.33,0.34,42.969,170.898,41.504,63.477,1.465
20:54:15,concentrating,0.997,1.0,0.33,0.33,0.34,35.645,-38.086,37.598,31.738,59.57
20:54:16,concentrating,0.995,1.0,0.33,0.33,0.34,29.785,-136.23,31.738,28.32,31.738
20:54:17,concentrating,0.995,1.0,0.33,0.33,0.34,41.016,97.656,34.18,44.434,-5.371
20:54:18,concentrating,0.997,1.0,0.33,0.33,0.34,48.34,-501.465,40.039,36.133,24.414
20:54:20,concentrating,0.998,1.0,0.33,0.33,0.34,21.484,3.906,26.855,17.578,-35.156
20:54:21,concentrating,0.997,1.0,0.33,0.33,0.34,34.18,-77.148,34.18,22.949,80.078
20:54:23,concentrating,0.999,1.0,0.33,0.33,0.34,32.715,-227.051,36.133,36.621,-11.23
20:54:24,concentrating,0.999,1.0,0.33,0.33,0.34,35.156,275.391,40.039,42.969,47.363
20:54:25,concentrating,0.997,1.0,0.33,0.33,0.34,19.531,-257.324,33.203,8.789,-17.578
20:54:26,concentrating,0.998,1.0,0.33,0.33,0.34,35.645,-183.594,28.809,22.461,58.105
20:54:28,concentrating,0.996,1.0,0.33,0.33,0.34,31.25,136.719,34.668,39.551,21.973
20:54:29,concentrating,0.996,1.0,0.33,0.33,0.34,33.691,268.066,32.715,45.41,59.082
20:54:31,concentrating,0.997,1.0,0.33,0.33,0.34,31.738,150.391,35.645,50.781,8.301
20:54:32,concentrating,0.998,1.0,0.33,0.33,0.34,43.457,117.676,38.574,57.129,56.152
20:54:33,concentrating,0.999,1.0,0.33,0.33,0.34,45.41,181.152,30.273,16.113,32.715
20:54:35,concentrating,0.999,1.0,0.33,0.33,0.34,49.805,167.48,28.809,36.133,23.438
20:54:36,concentrating,0.998,1.0,0.33,0.33,0.34,43.457,326.172,39.062,52.246,62.5
20:54:37,concentrating,0.999,1.0,0.33,0.33,0.34,36.621,240.723,37.109,37.598,27.832
20:54:39,concentrating,0.998,1.0,0.33,0.33,0.34,38.086,186.035,34.18,38.574,51.27
20:54:40,concentrating,0.998,1.0,0.33,0.33,0.34,28.32,172.852,42.48,39.551,20.996
20:54:41,concentrating,0.992,1.0,0.33,0.33,0.34,38.086,80.078,32.715,37.109,49.805
20:54:43,concentrating,0.992,1.0,0.33,0.33,0.34,31.738,-24.902,31.25,29.785,1.465
20:54:44,concentrating,0.995,1.0,0.33,0.33,0.34,34.18,-55.176,32.715,35.156,50.293
20:54:45,concentrating,0.998,1.0,0.33,0.33,0.34,31.738,120.117,38.574,20.996,47.852
20:54:47,concentrating,0.997,1.0,0.33,0.33,0.34,36.133,-224.121,33.203,29.785,19.043
20:54:48,concentrating,0.996,1.0,0.33,0.33,0.34,-10.254,-206.543,35.156,-20.996,65.43
20:54:50,concentrating,0.995,1.0,0.33,0.33,0.34,35.156,103.027,41.992,50.781,49.805
20:54:51,concentrating,0.996,1.0,0.33,0.33,0.34,40.039,3.418,44.922,37.109,50.293
20:54:52,concentrating,0.995,1.0,0.33,0.33,0.34,18.555,161.133,33.203,20.508,-2.93
20:54:54,concentrating,0.997,1.0,0.33,0.33,0.34,41.504,31.738,37.109,34.18,65.43
20:54:55,concentrating,0.998,1.0,0.33,0.33,0.34,29.785,171.875,33.203,21.973,78.125
20:54:57,concentrating,0.999,1.0,0.33,0.33,0.34,20.996,77.148,33.691,31.25,34.18
20:54:58,concentrating,0.999,1.0,0.33,0.33,0.34,19.531,-201.172,40.527,67.383,22.461
20:54:59,concentrating,0.998,1.0,0.33,0.33,0.34,15.137,100.098,41.504,43.457,34.668
20:55:00,concentrating,0.998,1.0,0.33,0.33,0.34,46.875,61.523,36.133,15.625,2.93
20:55:01,concentrating,0.998,1.0,0.33,0.33,0.34,34.18,187.012,29.785,34.668,41.504
20:55:03,concentrating,0.999,1.0,0.33,0.33,0.34,40.039,-376.465,39.062,38.086,-10.254
20:55:04,concentrating,0.999,1.0,0.33,0.33,0.34,34.668,-251.953,28.32,32.715,-24.414
20:55:05,concentrating,0.999,1.0,0.33,0.33,0.34,35.156,42.969,35.645,21.484,44.434
20:55:07,concentrating,0.999,1.0,0.33,0.33,0.34,38.086,-341.309,33.203,16.602,-20.508
20:55:08,concentrating,0.998,1.0,0.33,0.33,0.34,14.648,-19.043,42.969,30.762,-39.551
20:55:09,concentrating,0.998,1.0,0.33,0.33,0.34,46.875,132.324,36.133,51.27,28.809
20:55:10,concentrating,0.998,1.0,0.33,0.33,0.34,38.574,-187.012,29.297,42.48,12.207
20:55:11,concentrating,0.998,1.0,0.33,0.33,0.34,25.879,-107.422,24.414,15.137,26.855
20:55:13,concentrating,0.998,1.0,0.33,0.33,0.34,42.969,124.512,26.855,23.926,30.762
20:55:14,concentrating,0.998,1.0,0.33,0.33,0.34,32.715,247.559,30.762,38.574,57.617
20:55:15,concentrating,0.998,1.0,0.33,0.33,0.34,24.414,301.758,37.598,40.039,72.754
20:55:17,concentrating,0.998,1.0,0.33,0.33,0.34,28.809,46.875,41.504,28.32,-36.133
20:55:18,concentrating,0.997,1.0,0.33,0.33,0.34,27.344,-62.988,35.156,20.996,74.707
20:55:19,concentrating,0.996,1.0,0.33,0.33,0.34,33.203,-144.043,40.039,19.043,83.984
20:55:21,concentrating,0.996,1.0,0.33,0.33,0.34,31.738,195.801,38.086,35.156,27.344
20:55:22,concentrating,0.995,1.0,0.33,0.33,0.34,32.715,-297.363,40.527,28.32,-19.531
20:55:24,concentrating,0.996,1.0,0.33,0.33,0.34,30.273,267.578,30.273,41.504,82.031
20:55:25,concentrating,0.99,1.0,0.33,0.33,0.34,39.062,269.043,35.645,36.621,42.48
20:55:27,concentrating,0.993,1.0,0.33,0.33,0.34,48.34,-141.602,37.109,34.18,37.598
20:55:28,concentrating,0.995,1.0,0.33,0.33,0.34,31.25,-335.449,31.25,5.859,19.531
20:55:29,concentrating,0.996,1.0,0.33,0.33,0.34,54.199,254.395,31.738,67.871,31.25
20:55:31,concentrating,0.997,1.0,0.33,0.33,0.34,27.832,84.473,36.621,19.043,10.254
20:55:32,concentrating,0.997,1.0,0.33,0.33,0.34,22.461,38.086,38.574,31.738,40.039
20:55:33,concentrating,0.998,1.0,0.33,0.33,0.34,26.367,-345.215,29.785,11.719,25.879
20:55:35,concentrating,0.998,1.0,0.33,0.33,0.34,14.16,-134.766,33.691,16.602,44.922
20:55:36,concentrating,0.998,1.0,0.33,0.33,0.34,19.043,166.016,35.645,-1.953,5.859
20:55:37,concentrating,0.997,1.0,0.33,0.33,0.34,32.227,-255.371,41.504,43.457,13.184
20:55:39,concentrating,0.992,1.0,0.33,0.33,0.34,51.27,157.715,42.48,42.969,-4.395
20:55:40,concentrating,0.973,1.0,0.33,0.33,0.34,32.715,97.168,36.133,36.133,43.457
20:55:41,concentrating,0.972,1.0,0.33,0.33,0.34,3.906,178.711,38.574,-14.16,22.461
20:55:43,concentrating,0.99,1.0,0.33,0.33,0.34,21.973,232.91,25.879,70.801,26.855
20:55:44,concentrating,0.994,1.0,0.33,0.33,0.34,15.137,-304.199,39.551,36.621,25.879
20:55:45,concentrating,0.996,1.0,0.33,0.33,0.34,36.133,106.934,35.156,61.523,45.898
20:55:47,concentrating,0.994,1.0,0.33,0.33,0.34,34.668,106.934,33.691,46.387,30.273
20:55:48,concentrating,0.997,1.0,0.33,0.33,0.34,33.203,5.859,35.156,29.785,71.777
20:55:49,concentrating,0.997,1.0,0.33,0.33,0.34,58.594,-197.754,22.461,60.547,25.879
20:55:50,concentrating,0.997,1.0,0.33,0.33,0.34,21.484,135.254,29.297,28.32,38.086
20:55:52,concentrating,0.997,1.0,0.33,0.33,0.34,31.25,75.195,32.715,1.465,-10.742
20:55:53,concentrating,0.997,1.0,0.33,0.33,0.34,32.715,-284.18,32.715,6.348,27.832
20:55:54,concentrating,0.996,1.0,0.33,0.33,0.34,24.902,-236.816,27.832,22.949,78.613
20:55:55,concentrating,0.998,1.0,0.33,0.33,0.34,30.762,76.172,38.086,41.504,70.312
20:55:57,concentrating,0.998,1.0,0.33,0.33,0.34,38.574,65.918,36.621,46.387,12.695
20:55:58,concentrating,0.998,1.0,0.33,0.33,0.34,31.25,-206.055,30.273,21.973,28.809
20:56:00,concentrating,0.998,1.0,0.33,0.33,0.34,32.227,209.961,28.32,53.223,56.641
20:56:01,concentrating,0.998,1.0,0.33,0.33,0.34,3.906,265.137,36.621,30.762,64.453
20:56:03,concentrating,0.996,1.0,0.33,0.33,0.34,29.785,-227.539,38.086,30.273,-9.277
20:56:04,concentrating,0.996,1.0,0.33,0.33,0.34,27.344,-163.574,38.086,34.18,-5.371
20:56:05,concentrating,0.997,1.0,0.33,0.33,0.34,29.785,-134.277,35.645,31.738,18.066
20:56:06,concentrating,0.997,1.0,0.33,0.33,0.34,35.645,244.141,35.156,33.691,55.176
20:56:08,concentrating,0.998,1.0,0.33,0.33,0.34,19.531,-134.277,31.25,34.18,-11.23
20:56:09,concentrating,0.997,1.0,0.33,0.33,0.34,36.133,-65.918,32.227,18.555,30.762
20:56:10,concentrating,0.997,1.0,0.33,0.33,0.34,42.969,133.301,34.668,48.828,5.859
20:56:12,concentrating,0.997,1.0,0.33,0.33,0.34,38.086,-76.172,33.691,28.809,87.402
20:56:13,concentrating,0.998,1.0,0.33,0.33,0.34,39.551,-58.594,31.738,28.32,85.449
20:56:14,concentrating,0.998,1.0,0.33,0.33,0.34,42.48,175.781,35.156,36.621,13.184
20:56:16,concentrating,0.997,1.0,0.33,0.33,0.34,31.25,-188.477,34.668,28.32,32.715
20:56:17,concentrating,0.995,1.0,0.33,0.33,0.34,18.066,-300.293,29.785,2.441,-38.574
20:56:19,concentrating,0.996,1.0,0.33,0.33,0.34,30.273,-32.715,40.039,41.992,13.672
20:56:20,concentrating,0.997,1.0,0.33,0.33,0.34,25.879,17.578,38.574,41.992,-51.27
20:56:21,concentrating,0.993,1.0,0.33,0.33,0.34,31.738,-32.715,36.621,24.414,-10.254
20:56:23,concentrating,0.995,1.0,0.33,0.33,0.34,28.32,150.391,33.691,45.898,74.219
20:56:24,concentrating,0.984,1.0,0.33,0.33,0.34,28.809,133.301,32.715,16.113,32.715
20:56:25,concentrating,0.994,1.0,0.33,0.33,0.34,20.996,-159.18,32.227,38.574,32.715
20:56:26,concentrating,0.994,1.0,0.33,0.33,0.34,35.156,190.918,23.926,18.066,63.477
20:56:28,concentrating,0.996,1.0,0.33,0.33,0.34,32.227,213.867,31.738,42.48,11.719
20:56:29,concentrating,0.998,1.0,0.33,0.33,0.34,40.039,89.355,27.344,22.461,34.18
20:56:30,concentrating,0.998,1.0,0.33,0.33,0.34,20.508,-237.793,31.738,17.578,27.344
20:56:32,concentrating,0.997,1.0,0.33,0.33,0.34,40.039,10.742,35.156,44.922,68.359
20:56:33,concentrating,0.996,1.0,0.33,0.33,0.34,20.02,-481.934,24.902,19.531,33.203
20:56:34,concentrating,0.996,1.0,0.33,0.33,0.34,32.715,-186.035,49.316,46.875,14.16
20:56:35,concentrating,0.99,1.0,0.33,0.33,0.34,3.906,116.211,31.25,14.16,84.961
20:56:37,concentrating,0.994,1.0,0.33,0.33,0.34,38.086,122.559,23.926,18.066,20.508
20:56:38,concentrating,0.995,1.0,0.33,0.33,0.34,62.012,699.707,27.344,82.52,58.105
20:56:39,concentrating,0.995,1.0,0.33,0.33,0.34,33.203,483.887,63.965,73.73,21.484
20:56:41,concentrating,0.994,1.0,0.33,0.33,0.34,-0.977,150.879,29.297,20.02,26.855
20:56:42,concentrating,0.995,1.0,0.33,0.33,0.34,43.457,279.785,25.879,32.227,43.457
20:56:43,concentrating,0.996,1.0,0.33,0.33,0.34,15.625,105.469,21.973,17.09,49.805
20:56:44,concentrating,0.996,1.0,0.33,0.33,0.34,24.902,142.578,37.109,26.367,41.016
20:56:46,concentrating,0.995,1.0,0.33,0.33,0.34,39.551,187.012,32.227,24.414,57.617
20:56:47,concentrating,0.996,1.0,0.33,0.33,0.34,41.504,112.793,37.109,41.016,101.562
20:56:48,concentrating,0.995,1.0,0.33,0.33,0.34,75.684,-134.766,40.039,59.082,72.754
20:56:50,concentrating,0.995,1.0,0.33,0.33,0.34,27.344,97.656,27.832,22.949,35.645
20:56:51,concentrating,0.997,1.0,0.33,0.33,0.34,29.785,41.992,33.691,10.742,-0.488
20:56:52,concentrating,0.996,1.0,0.33,0.33,0.34,52.734,175.293,27.832,49.805,5.859
20:56:53,concentrating,0.996,1.0,0.33,0.33,0.34,40.527,-110.352,37.598,12.207,51.27
20:56:55,concentrating,0.996,1.0,0.33,0.33,0.34,21.973,44.922,30.273,26.367,76.172
20:56:56,concentrating,0.995,1.0,0.33,0.33,0.34,42.48,14.16,31.25,48.34,7.812
20:56:57,concentrating,0.988,1.0,0.33,0.33,0.34,53.711,114.258,34.668,46.387,43.457
20:56:58,concentrating,0.98,1.0,0.33,0.33,0.34,27.832,72.266,35.156,41.016,-2.93
20:57:00,concentrating,0.991,1.0,0.33,0.33,0.34,50.781,-248.535,37.598,45.898,37.598
20:57:01,concentrating,0.995,1.0,0.33,0.33,0.34,27.344,191.406,32.227,19.531,49.316
20:57:02,concentrating,0.982,1.0,0.33,0.33,0.34,46.875,-118.652,39.062,5.859,-1.465
20:57:04,concentrating,0.995,1.0,0.33,0.33,0.34,20.996,161.621,21.973,32.227,53.711
20:57:05,concentrating,0.996,1.0,0.33,0.33,0.34,45.898,-184.57,23.438,47.363,30.762
20:57:06,concentrating,0.997,1.0,0.33,0.33,0.34,34.668,118.652,32.715,41.504,36.621
20:57:08,concentrating,0.998,1.0,0.33,0.33,0.34,27.832,136.719,26.855,13.672,54.688
20:57:09,concentrating,0.997,1.0,0.33,0.33,0.34,157.715,472.656,17.09,157.227,37.109
20:57:10,concentrating,0.997,1.0,0.33,0.33,0.34,20.02,92.285,32.227,36.621,17.09
20:57:11,concentrating,0.997,1.0,0.33,0.33,0.34,46.875,-169.922,29.785,27.344,18.066
20:57:13,concentrating,0.995,1.0,0.33,0.33,0.34,27.344,270.508,32.227,30.762,48.828
20:57:14,concentrating,0.997,1.0,0.33,0.33,0.34,62.5,108.887,44.922,63.477,30.273
20:57:15,concentrating,0.997,1.0,0.33,0.33,0.34,42.48,-3.418,12.695,45.41,53.711
20:57:16,concentrating,0.995,1.0,0.33,0.33,0.34,54.199,-61.035,37.109,52.246,-19.531
20:57:18,concentrating,0.995,1.0,0.33,0.33,0.34,55.664,98.145,51.758,37.598,32.715
20:57:19,concentrating,0.992,1.0,0.33,0.33,0.34,31.738,122.07,20.02,25.879,20.02
20:57:20,concentrating,0.994,1.0,0.33,0.33,0.34,23.438,-95.215,31.25,19.531,72.754
20:57:22,concentrating,0.996,1.0,0.33,0.33,0.34,13.184,150.879,26.367,30.273,86.426
20:57:23,concentrating,0.994,1.0,0.33,0.33,0.34,40.527,100.586,33.203,25.879,-10.742
20:57:24,concentrating,0.996,1.0,0.33,0.33,0.34,34.668,170.898,29.785,28.809,-9.277
20:57:26,concentrating,0.997,1.0,0.33,0.33,0.34,27.344,-86.914,34.668,26.367,55.664
20:57:27,concentrating,0.996,1.0,0.33,0.33,0.34,29.785,87.402,30.762,51.758,10.742
20:57:28,concentrating,0.997,1.0,0.33,0.33,0.34,1.465,236.328,41.992,-2.441,-7.812
20:57:30,concentrating,0.998,1.0,0.33,0.33,0.34,34.668,17.578,42.969,37.109,-1.465
20:57:31,concentrating,0.998,1.0,0.33,0.33,0.34,36.621,342.773,29.785,27.832,85.938
20:57:32,concentrating,0.998,1.0,0.33,0.33,0.34,32.715,-35.645,35.645,57.129,0.977
20:57:34,concentrating,0.998,1.0,0.33,0.33,0.34,21.973,12.695,34.668,14.16,13.184
20:57:35,concentrating,0.998,1.0,0.33,0.33,0.34,30.273,-269.531,44.434,25.879,2.441
20:57:37,concentrating,0.998,1.0,0.33,0.33,0.34,20.02,-248.535,35.645,19.043,17.578
20:57:38,concentrating,0.997,1.0,0.33,0.33,0.34,29.297,242.188,37.109,46.875,90.82
20:57:40,concentrating,0.997,1.0,0.33,0.33,0.34,29.785,128.906,33.691,19.043,47.852
20:57:41,concentrating,0.998,1.0,0.33,0.33,0.34,34.668,151.367,25.391,32.227,18.555
20:57:42,concentrating,0.997,1.0,0.33,0.33,0.34,30.273,95.215,18.066,27.832,18.555
20:57:44,concentrating,0.998,1.0,0.33,0.33,0.34,35.156,228.027,36.133,45.898,35.645
20:57:45,concentrating,0.998,1.0,0.33,0.33,0.34,38.086,241.699,31.25,44.434,29.785
20:57:47,concentrating,0.999,1.0,0.33,0.33,0.34,35.645,81.543,29.297,31.738,122.07
20:57:48,concentrating,0.997,1.0,0.33,0.33,0.34,38.086,104.98,29.297,41.016,49.316
20:57:49,concentrating,0.997,1.0,0.33,0.33,0.34,40.039,92.773,15.137,24.414,13.672
20:57:50,concentrating,0.996,1.0,0.33,0.33,0.34,22.949,-6.836,34.668,15.625,99.609
20:57:52,concentrating,0.994,1.0,0.33,0.33,0.34,30.273,-284.18,41.016,28.809,-3.906
20:57:53,concentrating,0.994,1.0,0.33,0.33,0.34,52.734,181.152,37.598,53.223,7.324
20:57:54,concentrating,0.993,1.0,0.33,0.33,0.34,45.41,190.43,41.504,38.574,9.277
20:57:55,concentrating,0.995,1.0,0.33,0.33,0.34,-3.418,61.035,25.879,-5.859,14.648
20:57:57,concentrating,0.994,1.0,0.33,0.33,0.34,45.41,307.617,36.621,52.246,51.758
20:57:58,concentrating,0.994,1.0,0.33,0.33,0.34,29.297,147.461,40.039,37.109,-1.953
20:57:59,concentrating,0.995,1.0,0.33,0.33,0.34,49.805,-89.355,56.152,45.41,28.32
20:58:00,concentrating,0.994,1.0,0.33,0.33,0.34,56.641,133.789,29.297,53.223,40.527
20:58:02,concentrating,0.994,1.0,0.33,0.33,0.34,39.551,17.578,34.668,26.855,40.527
20:58:03,concentrating,0.996,1.0,0.33,0.33,0.34,22.461,-253.418,30.273,27.832,21.484
20:58:04,concentrating,0.997,1.0,0.33,0.33,0.34,38.574,11.23,36.621,25.879,18.555
20:58:06,concentrating,0.997,1.0,0.33,0.33,0.34,14.648,224.609,24.414,36.621,22.949
20:58:07,concentrating,0.998,1.0,0.33,0.33,0.34,26.367,-324.219,38.086,39.551,32.715
20:58:08,concentrating,0.997,1.0,0.33,0.33,0.34,23.926,99.121,36.621,31.738,52.734
20:58:10,concentrating,0.997,1.0,0.33,0.33,0.34,57.617,-160.645,29.785,47.363,-4.395
20:58:11,concentrating,0.998,1.0,0.33,0.33,0.34,41.992,214.844,17.578,13.184,36.133
20:58:12,concentrating,0.998,1.0,0.33,0.33,0.34,43.457,170.898,30.762,32.715,69.336
20:58:14,concentrating,0.997,1.0,0.33,0.33,0.34,25.879,117.676,36.133,40.527,-34.18
20:58:15,concentrating,0.997,1.0,0.33,0.33,0.34,4.883,177.246,33.203,38.574,2.441
20:58:17,concentrating,0.997,1.0,0.33,0.33,0.34,12.207,172.852,34.18,16.602,47.852
20:58:18,concentrating,0.997,1.0,0.33,0.33,0.34,23.926,-319.336,36.621,62.5,27.344
20:58:19,concentrating,0.998,1.0,0.33,0.33,0.34,30.762,276.855,40.527,21.484,83.008
20:58:21,concentrating,0.997,1.0,0.33,0.33,0.34,38.086,29.785,41.992,36.621,17.578
20:58:22,concentrating,0.995,1.0,0.33,0.33,0.34,33.203,164.551,26.855,23.438,47.852
20:58:23,concentrating,0.995,1.0,0.33,0.33,0.34,93.262,390.625,34.18,117.676,1.465
20:58:24,concentrating,0.995,1.0,0.33,0.33,0.34,19.531,86.426,32.227,39.062,-19.531
20:58:25,concentrating,0.995,1.0,0.33,0.33,0.34,30.762,162.109,24.902,35.156,68.848
20:58:27,concentrating,0.996,1.0,0.33,0.33,0.34,44.922,-97.168,30.273,54.199,70.312
20:58:28,concentrating,0.997,1.0,0.33,0.33,0.34,8.789,169.922,29.297,25.391,18.555
20:58:29,concentrating,0.997,1.0,0.33,0.33,0.34,82.52,-83.008,26.855,16.602,71.777
20:58:31,concentrating,0.996,1.0,0.33,0.33,0.34,23.926,38.574,37.598,23.438,18.555
20:58:32,concentrating,0.995,1.0,0.33,0.33,0.34,31.25,-69.824,43.945,36.621,7.324
20:58:34,concentrating,0.994,1.0,0.33,0.33,0.34,35.645,120.117,37.109,28.32,2.441
20:58:35,concentrating,0.994,1.0,0.33,0.33,0.34,46.387,215.332,29.785,35.156,-10.742
20:58:36,concentrating,0.996,1.0,0.33,0.33,0.34,30.762,-175.293,41.504,32.227,35.156
20:58:38,concentrating,0.996,1.0,0.33,0.33,0.34,37.109,130.371,25.391,44.434,37.598
20:58:39,concentrating,0.996,1.0,0.33,0.33,0.34,35.645,139.648,35.156,44.434,11.23
20:58:41,concentrating,0.997,1.0,0.33,0.33,0.34,20.996,-317.383,32.715,10.254,53.223
20:58:42,concentrating,0.996,1.0,0.33,0.33,0.34,33.691,291.504,41.504,51.27,82.031
20:58:43,concentrating,0.997,1.0,0.33,0.33,0.34,31.738,153.32,27.344,36.133,18.066
20:58:44,concentrating,0.995,1.0,0.33,0.33,0.34,49.316,112.305,29.785,30.762,51.758
20:58:45,concentrating,0.997,1.0,0.33,0.33,0.34,15.625,261.23,24.902,34.668,45.41
20:58:46,concentrating,0.994,1.0,0.33,0.33,0.34,28.809,119.629,35.156,29.297,67.871
20:58:48,concentrating,0.996,1.0,0.33,0.33,0.34,34.18,91.797,34.668,20.02,23.438
20:58:49,concentrating,0.996,1.0,0.33,0.33,0.34,10.254,65.918,22.461,25.391,18.555
20:58:50,concentrating,0.996,1.0,0.33,0.33,0.34,36.133,-230.469,37.109,26.367,-3.906
20:58:51,concentrating,0.997,1.0,0.33,0.33,0.34,37.109,-34.668,33.203,15.625,-3.418
20:58:53,concentrating,0.997,1.0,0.33,0.33,0.34,59.082,134.766,36.133,44.434,42.969
20:58:54,concentrating,0.997,1.0,0.33,0.33,0.34,30.762,92.773,28.809,44.434,49.805
20:58:55,concentrating,0.998,1.0,0.33,0.33,0.34,32.227,135.742,35.156,41.992,55.664
20:58:57,concentrating,0.998,1.0,0.33,0.33,0.34,29.297,83.984,33.203,42.48,-1.465
20:58:58,concentrating,0.996,1.0,0.33,0.33,0.34,47.363,203.125,41.504,50.781,-11.23
20:59:00,concentrating,0.997,1.0,0.33,0.33,0.34,39.062,-250.0,28.32,30.762,-21.484
20:59:01,concentrating,0.996,1.0,0.33,0.33,0.34,19.043,-419.922,41.504,20.508,23.438
20:59:02,concentrating,0.984,1.0,0.33,0.33,0.34,33.203,-250.977,38.574,16.113,107.422
20:59:04,concentrating,0.991,1.0,0.33,0.33,0.34,20.996,330.566,32.715,26.367,74.219
20:59:05,concentrating,0.982,1.0,0.33,0.33,0.34,36.133,75.195,29.785,44.434,-22.949
20:59:06,concentrating,0.993,1.0,0.33,0.33,0.34,41.016,170.41,41.016,14.16,88.379
20:59:08,concentrating,0.995,1.0,0.33,0.33,0.34,39.062,71.777,29.785,24.902,1.465
20:59:09,concentrating,0.996,1.0,0.33,0.33,0.34,28.32,217.773,40.527,19.043,68.359
20:59:11,concentrating,0.997,1.0,0.33,0.33,0.34,46.875,-149.414,34.18,43.457,108.887
20:59:12,concentrating,0.997,1.0,0.33,0.33,0.34,48.828,-4.883,43.457,36.621,24.414
20:59:14,concentrating,0.997,1.0,0.33,0.33,0.34,22.461,135.742,39.551,13.184,52.734
20:59:15,concentrating,0.995,1.0,0.33,0.33,0.34,111.328,145.996,29.297,108.887,0.0
20:59:16,concentrating,0.994,1.0,0.33,0.33,0.34,18.066,139.648,39.551,0.977,30.762
20:59:17,concentrating,0.993,1.0,0.33,0.33,0.34,11.719,120.117,32.227,40.039,56.152
20:59:18,concentrating,0.995,1.0,0.33,0.33,0.34,37.109,-82.52,34.668,32.227,39.062
20:59:20,concentrating,0.993,1.0,0.33,0.33,0.34,-71.289,376.465,93.75,-70.801,74.707
20:59:21,concentrating,0.994,1.0,0.33,0.33,0.34,69.824,-9.766,35.645,39.551,0.488
20:59:22,concentrating,0.995,1.0,0.33,0.33,0.34,77.637,60.059,22.461,62.5,20.996
20:59:23,concentrating,0.996,1.0,0.33,0.33,0.34,15.137,101.562,15.625,0.488,41.992
20:59:25,concentrating,0.995,1.0,0.33,0.33,0.34,105.469,68.359,23.926,108.887,4.883
20:59:26,concentrating,0.995,1.0,0.33,0.33,0.34,20.996,52.734,31.25,31.738,-6.348
20:59:27,concentrating,0.995,1.0,0.33,0.33,0.34,42.48,23.438,43.945,37.109,55.176
20:59:28,concentrating,0.996,1.0,0.33,0.33,0.34,41.016,-325.684,37.598,10.254,27.832
20:59:30,concentrating,0.996,1.0,0.33,0.33,0.34,5.859,124.512,30.762,15.137,-20.996
20:59:31,concentrating,0.997,1.0,0.33,0.33,0.34,48.828,250.0,38.574,24.902,51.27
20:59:32,concentrating,0.998,1.0,0.33,0.33,0.34,39.551,187.012,20.996,39.062,21.973
20:59:34,concentrating,0.998,1.0,0.33,0.33,0.34,46.387,122.07,38.086,45.41,6.836
20:59:35,concentrating,0.998,1.0,0.33,0.33,0.34,34.18,180.664,41.992,56.152,44.922
20:59:37,concentrating,0.994,1.0,0.33,0.33,0.34,35.156,-46.875,-9.277,26.367,59.082
20:59:38,concentrating,0.992,1.0,0.33,0.33,0.34,37.109,370.117,32.227,40.039,8.789
20:59:39,concentrating,0.994,1.0,0.33,0.33,0.34,47.363,-82.52,26.855,21.973,29.785
20:59:40,concentrating,0.991,1.0,0.33,0.33,0.34,77.637,276.855,36.133,64.453,-30.762
20:59:42,concentrating,0.994,1.0,0.33,0.33,0.34,23.438,220.703,34.18,17.578,55.176
20:59:43,concentrating,0.998,1.0,0.33,0.33,0.34,32.715,125.0,20.02,16.602,40.039
20:59:44,concentrating,0.997,1.0,0.33,0.33,0.34,27.344,-134.766,31.25,12.695,44.922
20:59:46,concentrating,0.996,1.0,0.33,0.33,0.34,32.227,195.801,29.297,38.086,20.996
20:59:47,concentrating,0.997,1.0,0.33,0.33,0.34,40.527,-245.117,27.344,12.695,37.109
20:59:48,concentrating,0.997,1.0,0.33,0.33,0.34,21.484,19.531,31.738,41.504,13.672
20:59:49,concentrating,0.998,1.0,0.33,0.33,0.34,22.461,133.301,28.809,43.945,39.551
20:59:51,concentrating,0.998,1.0,0.33,0.33,0.34,51.27,267.09,41.992,56.152,-0.488
20:59:52,concentrating,0.999,1.0,0.33,0.33,0.34,24.414,269.531,27.344,34.18,0.0
20:59:54,concentrating,0.998,1.0,0.33,0.33,0.34,92.773,-137.695,37.109,97.168,36.133
20:59:55,concentrating,0.997,1.0,0.33,0.33,0.34,43.457,-211.914,26.367,20.996,26.367
20:59:56,concentrating,0.997,1.0,0.33,0.33,0.34,27.344,-137.695,25.391,11.719,39.551
20:59:58,concentrating,0.996,1.0,0.33,0.33,0.34,23.438,-214.844,44.922,29.785,29.785
20:59:59,concentrating,0.997,1.0,0.33,0.33,0.34,32.227,-162.109,39.062,21.973,55.664
21:00:00,concentrating,0.998,1.0,0.33,0.33,0.34,24.902,193.359,46.387,31.738,71.289
21:00:01,concentrating,0.997,1.0,0.33,0.33,0.34,19.531,88.867,46.875,21.973,29.297
21:00:03,concentrating,0.998,1.0,0.33,0.33,0.34,28.809,77.148,34.668,14.16,34.18
21:00:04,concentrating,0.998,1.0,0.33,0.33,0.34,19.043,-165.527,37.109,13.672,33.691
21:00:05,concentrating,0.998,1.0,0.33,0.33,0.34,33.203,106.445,29.785,31.738,60.547
21:00:07,concentrating,0.997,1.0,0.33,0.33,0.34,20.996,284.668,25.879,29.297,73.242
21:00:09,concentrating,0.997,1.0,0.33,0.33,0.34,41.504,82.031,38.086,43.457,39.062
21:00:10,concentrating,0.998,1.0,0.33,0.33,0.34,30.762,72.754,37.109,31.738,40.527
21:00:11,concentrating,0.998,1.0,0.33,0.33,0.34,26.855,98.145,33.203,36.133,49.805
21:00:13,concentrating,0.998,1.0,0.33,0.33,0.34,29.785,-55.664,35.156,19.043,56.152
21:00:14,concentrating,0.996,1.0,0.33,0.33,0.34,24.414,228.516,31.25,23.438,53.223
21:00:15,concentrating,0.997,1.0,0.33,0.33,0.34,35.645,50.781,41.016,19.531,62.988
21:00:17,concentrating,0.996,1.0,0.33,0.33,0.34,26.855,309.082,33.203,9.277,-63.965
21:00:18,concentrating,0.995,1.0,0.33,0.33,0.34,55.176,163.086,21.973,36.621,17.09
21:00:19,concentrating,0.995,1.0,0.33,0.33,0.34,38.574,268.066,37.598,34.668,33.203
21:00:20,concentrating,0.995,1.0,0.33,0.33,0.34,41.992,202.148,42.48,35.645,41.504
21:00:21,concentrating,0.995,1.0,0.33,0.33,0.34,11.719,56.152,29.785,-28.809,0.977
21:00:23,concentrating,0.996,1.0,0.33,0.33,0.34,22.949,86.914,28.32,46.387,27.344
21:00:24,concentrating,0.997,1.0,0.33,0.33,0.34,28.809,-113.281,35.156,34.668,-18.066
21:00:25,concentrating,0.997,1.0,0.33,0.33,0.34,35.156,154.297,39.062,47.852,-17.09
21:00:26,concentrating,0.998,1.0,0.33,0.33,0.34,22.461,43.457,37.109,36.621,26.367
21:00:28,concentrating,0.998,1.0,0.33,0.33,0.34,32.227,160.156,28.32,18.555,99.121
21:00:29,concentrating,0.997,1.0,0.33,0.33,0.34,27.832,142.578,37.598,30.273,30.273
21:00:30,concentrating,0.999,1.0,0.33,0.33,0.34,-14.648,-133.301,41.016,-16.602,0.488
21:00:32,concentrating,0.997,1.0,0.33,0.33,0.34,32.715,169.922,41.504,44.922,48.34
21:00:33,concentrating,0.998,1.0,0.33,0.33,0.34,28.809,71.289,31.738,36.133,0.488
21:00:34,concentrating,0.999,1.0,0.33,0.33,0.34,68.359,163.574,39.062,58.594,-30.762
21:00:35,concentrating,0.998,1.0,0.33,0.33,0.34,46.875,153.32,25.879,40.527,1.953
21:00:36,concentrating,0.998,1.0,0.33,0.33,0.34,31.738,77.637,41.504,38.574,48.828
21:00:38,concentrating,0.998,1.0,0.33,0.33,0.34,-35.645,179.688,46.387,15.625,47.852
21:00:39,concentrating,0.998,1.0,0.33,0.33,0.34,34.18,-105.469,28.32,37.598,87.891
21:00:40,concentrating,0.998,1.0,0.33,0.33,0.34,25.879,-305.664,32.227,28.32,18.555
21:00:41,concentrating,0.997,1.0,0.33,0.33,0.34,27.344,-26.367,40.039,13.184,21.973
21:00:43,concentrating,0.998,1.0,0.33,0.33,0.34,29.785,-37.109,44.922,18.066,65.43
21:00:44,concentrating,0.997,1.0,0.33,0.33,0.34,49.805,60.059,33.691,62.012,26.855
21:00:45,concentrating,0.997,1.0,0.33,0.33,0.34,29.297,-11.23,34.18,38.574,31.25
21:00:47,concentrating,0.998,1.0,0.33,0.33,0.34,21.484,-123.535,28.809,12.207,53.223
21:00:48,concentrating,0.997,1.0,0.33,0.33,0.34,20.996,114.258,27.832,20.996,73.73
21:00:49,concentrating,0.999,1.0,0.33,0.33,0.34,23.438,204.59,27.832,27.832,18.555
21:00:51,concentrating,0.998,1.0,0.33,0.33,0.34,20.508,145.996,30.273,19.043,46.387
21:00:52,concentrating,0.998,1.0,0.33,0.33,0.34,21.484,126.465,44.922,25.879,17.09
21:00:54,concentrating,0.998,1.0,0.33,0.33,0.34,28.809,122.559,41.504,42.969,-8.301
21:00:55,concentrating,0.998,1.0,0.33,0.33,0.34,24.414,151.855,24.902,38.574,87.891
21:00:56,concentrating,0.997,1.0,0.33,0.33,0.34,33.691,-7.812,25.391,32.715,33.203
21:00:58,concentrating,0.998,1.0,0.33,0.33,0.34,25.879,-130.859,29.297,4.395,29.297
21:00:59,concentrating,0.998,1.0,0.33,0.33,0.34,78.125,112.305,16.113,61.035,41.016
21:01:00,concentrating,0.998,1.0,0.33,0.33,0.34,24.902,-68.848,36.621,36.621,19.043
21:01:02,concentrating,0.997,1.0,0.33,0.33,0.34,29.785,14.648,31.25,23.438,2.93
21:01:03,concentrating,0.998,1.0,0.33,0.33,0.34,44.922,170.898,26.367,44.434,7.812
21:01:04,concentrating,0.998,1.0,0.33,0.33,0.34,45.898,51.27,42.48,33.691,51.27
21:01:05,concentrating,0.999,1.0,0.33,0.33,0.34,33.203,163.574,26.855,41.504,33.691
21:01:06,concentrating,0.999,1.0,0.33,0.33,0.34,47.363,194.824,37.109,47.852,73.242
21:01:08,concentrating,0.998,1.0,0.33,0.33,0.34,46.875,43.945,35.645,39.551,30.273
21:01:09,concentrating,0.999,1.0,0.33,0.33,0.34,31.738,-254.395,44.434,38.086,-4.395
21:01:10,concentrating,0.999,1.0,0.33,0.33,0.34,21.484,202.637,26.855,23.926,18.066
21:01:11,concentrating,0.998,1.0,0.33,0.33,0.34,36.133,-214.355,25.879,30.273,39.551
21:01:13,concentrating,0.999,1.0,0.33,0.33,0.34,30.762,130.859,33.691,35.645,39.551
21:01:14,concentrating,0.999,1.0,0.33,0.33,0.34,51.758,-97.656,53.223,44.434,48.828
21:01:15,concentrating,0.998,1.0,0.33,0.33,0.34,10.254,60.059,31.738,16.113,46.875
21:01:17,concentrating,0.998,1.0,0.33,0.33,0.34,52.734,163.086,30.762,60.059,7.324
21:01:18,concentrating,0.997,1.0,0.33,0.33,0.34,26.367,12.207,28.32,31.25,13.672
21:01:19,concentrating,0.997,1.0,0.33,0.33,0.34,40.039,257.324,43.457,40.527,62.5
21:01:21,concentrating,0.998,1.0,0.33,0.33,0.34,49.805,-45.41,29.785,44.434,23.438
21:01:22,concentrating,0.997,1.0,0.33,0.33,0.34,43.945,56.152,36.621,22.461,7.324
21:01:23,concentrating,0.996,1.0,0.33,0.33,0.34,72.754,-318.359,8.301,59.57,0.0
21:01:24,concentrating,0.996,1.0,0.33,0.33,0.34,40.039,75.195,34.18,32.227,13.672
21:01:26,concentrating,0.995,1.0,0.33,0.33,0.34,33.203,-369.141,28.809,29.297,53.711
21:01:27,concentrating,0.994,1.0,0.33,0.33,0.34,127.441,456.055,26.855,108.398,37.109
21:01:28,concentrating,0.994,1.0,0.33,0.33,0.34,25.391,174.316,26.367,56.641,53.711
21:01:30,concentrating,0.995,1.0,0.33,0.33,0.34,28.809,52.246,27.344,31.25,-15.137
21:01:31,concentrating,0.995,1.0,0.33,0.33,0.34,35.156,20.02,36.621,9.277,32.715
21:01:32,concentrating,0.996,1.0,0.33,0.33,0.34,30.762,237.793,40.039,25.391,6.836
21:01:34,concentrating,0.997,1.0,0.33,0.33,0.34,53.711,136.23,35.645,62.5,27.832
21:01:35,concentrating,0.996,1.0,0.33,0.33,0.34,40.527,-451.66,31.25,36.133,28.32
21:01:36,concentrating,0.998,1.0,0.33,0.33,0.34,32.227,-56.152,33.203,42.48,-11.719
21:01:37,concentrating,0.997,1.0,0.33,0.33,0.34,60.547,235.352,27.832,78.125,32.715
21:01:39,concentrating,0.995,1.0,0.33,0.33,0.34,43.945,320.801,35.156,61.035,61.035
21:01:40,concentrating,0.996,1.0,0.33,0.33,0.34,50.781,33.203,39.062,26.367,71.777
21:01:41,concentrating,0.996,1.0,0.33,0.33,0.34,63.965,206.543,50.781,48.828,12.695
21:01:42,concentrating,0.996,1.0,0.33,0.33,0.34,41.504,281.738,40.039,63.477,20.996
21:01:44,concentrating,0.997,1.0,0.33,0.33,0.34,35.156,-268.555,18.066,14.16,16.113
21:01:45,concentrating,0.997,1.0,0.33,0.33,0.34,32.227,-188.965,28.32,35.156,73.73
21:01:46,concentrating,0.998,1.0,0.33,0.33,0.34,81.543,701.66,20.02,83.984,48.828
21:01:47,concentrating,0.997,1.0,0.33,0.33,0.34,40.527,180.176,56.152,44.434,17.578
21:01:48,concentrating,0.995,1.0,0.33,0.33,0.34,32.715,66.406,28.809,28.809,42.969
21:01:50,concentrating,0.995,1.0,0.33,0.33,0.34,33.691,-76.172,30.762,40.039,89.355
21:01:51,concentrating,0.996,1.0,0.33,0.33,0.34,43.945,218.262,33.691,29.297,56.152
21:01:53,concentrating,0.996,1.0,0.33,0.33,0.34,7.812,-198.73,24.414,15.137,28.32
21:01:54,concentrating,0.995,1.0,0.33,0.33,0.34,27.832,-329.102,24.414,31.738,14.648
21:01:55,concentrating,0.994,1.0,0.33,0.33,0.34,26.367,166.992,33.203,17.09,43.945
21:01:57,concentrating,0.994,1.0,0.33,0.33,0.34,42.969,-227.539,32.715,41.992,60.059
21:01:58,concentrating,0.994,1.0,0.33,0.33,0.34,25.879,328.125,28.32,41.992,48.34
21:01:59,concentrating,0.996,1.0,0.33,0.33,0.34,33.691,-225.586,37.598,46.387,33.203
21:02:00,concentrating,0.996,1.0,0.33,0.33,0.34,32.715,36.621,35.645,32.227,-58.594
21:02:02,concentrating,0.998,1.0,0.33,0.33,0.34,31.738,-16.602,28.32,23.926,25.391
21:02:03,concentrating,0.998,1.0,0.33,0.33,0.34,18.066,220.215,26.367,28.809,78.613
21:02:05,concentrating,0.997,1.0,0.33,0.33,0.34,40.527,-303.711,44.922,35.156,7.324
21:02:06,concentrating,0.997,1.0,0.33,0.33,0.34,32.227,-387.207,26.367,22.461,80.566
21:02:08,concentrating,0.997,1.0,0.33,0.33,0.34,36.133,112.793,34.18,32.227,23.926
21:02:09,concentrating,0.998,1.0,0.33,0.33,0.34,7.324,-134.766,33.691,-1.465,40.527
21:02:10,concentrating,0.998,1.0,0.33,0.33,0.34,60.059,155.762,33.691,61.035,10.254
21:02:12,concentrating,0.997,1.0,0.33,0.33,0.34,36.621,85.938,27.344,44.922,32.227
21:02:13,concentrating,0.996,1.0,0.33,0.33,0.34,30.273,89.844,51.27,51.27,2.93
21:02:14,concentrating,0.995,1.0,0.33,0.33,0.34,22.461,329.59,29.785,55.664,86.914
21:02:16,concentrating,0.996,1.0,0.33,0.33,0.34,46.387,-186.035,29.297,41.016,75.684
21:02:17,concentrating,0.994,1.0,0.33,0.33,0.34,30.273,184.082,19.043,4.883,11.23
21:02:19,concentrating,0.994,1.0,0.33,0.33,0.34,41.016,13.184,41.504,38.086,-19.531
21:02:20,concentrating,0.993,1.0,0.33,0.33,0.34,24.902,49.805,29.785,39.062,56.641
21:02:21,concentrating,0.995,1.0,0.33,0.33,0.34,53.711,94.727,27.344,23.438,20.996
21:02:23,concentrating,0.995,1.0,0.33,0.33,0.34,23.926,190.918,38.574,28.32,0.977
21:02:24,concentrating,0.995,1.0,0.33,0.33,0.34,36.133,50.293,40.527,29.297,32.715
21:02:25,concentrating,0.997,1.0,0.33,0.33,0.34,23.438,93.262,36.133,32.227,34.668
21:02:27,concentrating,0.996,1.0,0.33,0.33,0.34,26.367,-184.082,36.621,33.203,63.477
21:02:28,concentrating,0.998,1.0,0.33,0.33,0.34,51.27,168.945,22.461,56.641,18.555
21:02:29,concentrating,0.997,1.0,0.33,0.33,0.34,-46.875,78.613,48.34,-65.918,-16.113
21:02:30,concentrating,0.998,1.0,0.33,0.33,0.34,27.832,-193.848,17.578,45.898,65.918
21:02:32,concentrating,0.997,1.0,0.33,0.33,0.34,42.48,69.336,41.504,32.227,-10.742
21:02:33,concentrating,0.997,1.0,0.33,0.33,0.34,45.41,92.285,26.367,39.062,-5.859
21:02:34,concentrating,0.997,1.0,0.33,0.33,0.34,22.949,239.258,34.18,24.414,37.598
21:02:35,concentrating,0.998,1.0,0.33,0.33,0.34,36.133,161.133,35.156,45.898,27.344
21:02:37,concentrating,0.997,1.0,0.33,0.33,0.34,33.203,-362.305,25.879,19.043,41.992
21:02:38,concentrating,0.995,1.0,0.33,0.33,0.34,46.387,-11.23,36.133,47.363,13.184
21:02:39,concentrating,0.996,1.0,0.33,0.33,0.34,17.578,306.152,30.762,23.438,-0.977
21:02:41,concentrating,0.994,1.0,0.33,0.33,0.34,38.086,16.113,42.969,31.25,58.594
21:02:42,concentrating,0.994,1.0,0.33,0.33,0.34,22.461,70.312,25.391,27.832,14.16
21:02:43,concentrating,0.996,1.0,0.33,0.33,0.34,30.762,72.266,39.551,29.297,11.719
21:02:44,concentrating,0.996,1.0,0.33,0.33,0.34,41.992,350.098,43.945,50.293,25.879
21:02:46,concentrating,0.998,1.0,0.33,0.33,0.34,39.551,-118.652,32.715,31.738,13.184
21:02:47,concentrating,0.999,1.0,0.33,0.33,0.34,25.879,-282.227,44.434,33.691,9.766
21:02:48,concentrating,0.998,1.0,0.33,0.33,0.34,46.875,-247.559,36.133,33.691,72.266
21:02:50,concentrating,0.997,1.0,0.33,0.33,0.34,28.32,75.195,37.109,36.621,9.766
21:02:51,concentrating,0.997,1.0,0.33,0.33,0.34,36.133,-71.777,35.156,37.109,-56.152
21:02:52,concentrating,0.996,1.0,0.33,0.33,0.34,23.926,-223.633,36.621,34.668,44.434
21:02:54,concentrating,0.997,1.0,0.33,0.33,0.34,32.715,-442.383,54.199,34.668,-34.18
21:02:55,concentrating,0.996,1.0,0.33,0.33,0.34,26.855,242.188,24.902,40.039,11.719
21:02:56,concentrating,0.997,1.0,0.33,0.33,0.34,38.574,156.738,39.062,41.504,4.883
21:02:57,concentrating,0.998,1.0,0.33,0.33,0.34,38.574,-96.68,35.645,29.297,0.488
21:02:58,concentrating,0.998,1.0,0.33,0.33,0.34,40.039,103.027,34.668,21.973,25.879
21:03:00,concentrating,0.997,1.0,0.33,0.33,0.34,21.973,266.113,36.133,41.504,-2.93
21:03:01,concentrating,0.995,1.0,0.33,0.33,0.34,79.59,425.293,37.109,70.801,63.965
21:03:03,concentrating,0.994,1.0,0.33,0.33,0.34,41.016,232.91,28.809,33.203,28.809
21:03:04,concentrating,0.995,1.0,0.33,0.33,0.34,30.273,-9.277,42.969,32.715,14.648
21:03:05,concentrating,0.994,1.0,0.33,0.33,0.34,52.246,-167.48,41.016,44.434,-36.133
21:03:06,concentrating,0.996,1.0,0.33,0.33,0.34,51.27,219.727,37.109,39.062,31.25
21:03:08,concentrating,0.995,1.0,0.33,0.33,0.34,26.855,292.48,12.207,28.32,58.105
21:03:09,concentrating,0.997,1.0,0.33,0.33,0.34,25.879,-103.027,20.996,25.879,2.441
21:03:10,concentrating,0.995,1.0,0.33,0.33,0.34,48.34,-534.668,16.113,56.641,36.621
21:03:12,concentrating,0.994,1.0,0.33,0.33,0.34,40.039,43.457,15.625,50.293,6.348
21:03:13,concentrating,0.996,1.0,0.33,0.33,0.34,115.234,-614.746,53.711,114.746,39.551
21:03:14,concentrating,0.996,1.0,0.33,0.33,0.34,18.555,299.805,31.738,30.273,51.758
21:03:16,concentrating,0.995,1.0,0.33,0.33,0.34,18.555,150.879,28.809,45.898,14.16
21:03:17,concentrating,0.997,1.0,0.33,0.33,0.34,51.27,208.984,23.438,39.551,31.738
21:03:18,concentrating,0.995,1.0,0.33,0.33,0.34,58.594,256.348,51.758,56.641,-10.742
21:03:20,concentrating,0.994,1.0,0.33,0.33,0.34,-105.957,-50.781,63.965,-56.641,27.832
21:03:21,concentrating,0.995,1.0,0.33,0.33,0.34,21.484,403.809,35.645,22.461,36.621
21:03:22,concentrating,0.994,1.0,0.33,0.33,0.34,32.715,105.957,41.992,33.691,6.836
21:03:23,concentrating,0.994,1.0,0.33,0.33,0.34,19.531,85.449,18.066,36.133,-8.301
21:03:24,concentrating,0.996,1.0,0.33,0.33,0.34,51.27,-220.703,30.762,36.621,-2.441
21:03:26,concentrating,0.995,1.0,0.33,0.33,0.34,53.223,-67.871,26.855,35.645,33.203
21:03:27,concentrating,0.996,1.0,0.33,0.33,0.34,23.438,93.262,27.832,15.137,47.852
21:03:28,concentrating,0.997,1.0,0.33,0.33,0.34,19.531,141.602,35.645,34.18,-1.465
21:03:30,concentrating,0.997,1.0,0.33,0.33,0.34,49.805,164.551,13.672,41.016,54.199
21:03:31,concentrating,0.996,1.0,0.33,0.33,0.34,39.551,217.773,26.367,42.969,59.082
21:03:32,concentrating,0.997,1.0,0.33,0.33,0.34,22.461,193.848,42.969,25.879,53.223
21:03:33,concentrating,0.997,1.0,0.33,0.33,0.34,34.18,144.043,45.898,45.41,34.668
21:03:35,concentrating,0.998,1.0,0.33,0.33,0.34,14.648,-301.758,22.949,1.953,38.086
21:03:36,concentrating,0.997,1.0,0.33,0.33,0.34,27.344,-229.98,26.367,56.152,6.348
21:03:38,concentrating,0.997,1.0,0.33,0.33,0.34,26.855,24.902,18.066,21.973,8.301
21:03:39,concentrating,0.997,1.0,0.33,0.33,0.34,21.973,53.223,24.902,20.02,-3.418
21:03:40,concentrating,0.997,1.0,0.33,0.33,0.34,37.598,-52.246,21.973,47.363,44.922
21:03:41,concentrating,0.998,1.0,0.33,0.33,0.34,38.574,-48.34,27.832,46.387,27.832
21:03:43,concentrating,0.997,1.0,0.33,0.33,0.34,-30.762,18.066,43.945,-33.203,-4.883
21:03:44,concentrating,0.994,1.0,0.33,0.33,0.34,27.832,-21.484,35.645,42.969,-34.668
21:03:45,concentrating,0.996,1.0,0.33,0.33,0.34,25.879,37.109,34.668,24.902,9.277
21:03:46,concentrating,0.996,1.0,0.33,0.33,0.34,30.762,-236.816,40.039,20.02,72.266
21:03:48,concentrating,0.996,1.0,0.33,0.33,0.34,-5.859,-43.457,17.578,-16.602,46.387
21:03:49,concentrating,0.996,1.0,0.33,0.33,0.34,27.344,102.539,34.18,28.32,78.125
21:03:50,concentrating,0.997,1.0,0.33,0.33,0.34,28.809,43.945,35.645,26.855,-9.277
21:03:52,concentrating,0.998,1.0,0.33,0.33,0.34,19.531,-126.953,36.621,34.668,32.227
21:03:53,concentrating,0.996,1.0,0.33,0.33,0.34,30.762,184.57,36.133,37.109,27.832
21:03:54,concentrating,0.997,1.0,0.33,0.33,0.34,45.898,63.965,36.133,61.035,47.852
21:03:55,concentrating,0.996,1.0,0.33,0.33,0.34,41.992,-139.648,37.598,13.184,79.59
21:03:56,concentrating,0.996,1.0,0.33,0.33,0.34,40.039,103.516,46.875,48.34,-35.156
21:03:58,concentrating,0.995,1.0,0.33,0.33,0.34,24.902,334.961,39.551,50.781,27.832
21:03:59,concentrating,0.994,1.0,0.33,0.33,0.34,36.621,161.621,34.668,45.41,-9.277
21:04:00,concentrating,0.996,1.0,0.33,0.33,0.34,38.086,210.449,44.922,59.57,60.547
21:04:02,concentrating,0.997,1.0,0.33,0.33,0.34,34.668,32.715,34.18,44.922,30.273
21:04:03,concentrating,0.992,1.0,0.33,0.33,0.34,55.176,121.582,54.199,32.227,49.316
21:04:04,concentrating,0.996,1.0,0.33,0.33,0.34,38.086,16.602,31.738,25.391,-29.297
21:04:05,concentrating,0.988,1.0,0.33,0.33,0.34,58.594,-113.77,33.203,37.598,27.832
21:04:07,concentrating,0.989,1.0,0.33,0.33,0.34,34.668,308.594,29.785,32.227,81.055
21:04:08,concentrating,0.993,1.0,0.33,0.33,0.34,66.895,105.469,37.109,88.867,-3.906
21:04:09,concentrating,0.992,1.0,0.33,0.33,0.34,11.23,211.914,13.184,26.855,4.883
21:04:10,concentrating,0.995,1.0,0.33,0.33,0.34,32.715,101.562,40.527,19.531,-37.598
21:04:11,concentrating,0.996,1.0,0.33,0.33,0.34,60.547,156.25,29.297,57.617,39.551
21:04:13,concentrating,0.996,1.0,0.33,0.33,0.34,40.039,-169.922,29.297,13.184,10.742
21:04:14,concentrating,0.994,1.0,0.33,0.33,0.34,20.508,160.156,29.297,46.387,53.711
21:04:15,concentrating,0.997,1.0,0.33,0.33,0.34,-54.199,247.07,39.062,-65.43,44.434
21:04:16,concentrating,0.997,1.0,0.33,0.33,0.34,37.598,-101.562,40.039,22.949,70.312
21:04:17,concentrating,0.995,1.0,0.33,0.33,0.34,33.203,-137.207,36.621,28.32,36.133
21:04:19,concentrating,0.997,1.0,0.33,0.33,0.34,25.879,-256.348,27.344,4.883,4.395
21:04:20,concentrating,0.998,1.0,0.33,0.33,0.34,44.434,60.547,25.879,28.809,-17.09
21:04:21,concentrating,0.997,1.0,0.33,0.33,0.34,35.645,222.168,30.762,53.223,31.738
21:04:22,concentrating,0.996,1.0,0.33,0.33,0.34,42.48,20.02,40.039,46.387,-0.977
21:04:24,concentrating,0.998,1.0,0.33,0.33,0.34,33.203,171.387,34.18,29.785,24.902
21:04:25,concentrating,0.997,1.0,0.33,0.33,0.34,24.414,314.941,26.855,29.785,-4.395
21:04:26,concentrating,0.997,1.0,0.33,0.33,0.34,41.992,174.805,21.484,54.199,26.855
21:04:27,concentrating,0.997,1.0,0.33,0.33,0.34,14.16,127.441,36.133,38.574,62.988
21:04:29,concentrating,0.997,1.0,0.33,0.33,0.34,34.668,-214.844,24.414,26.855,-38.086
21:04:30,concentrating,0.997,1.0,0.33,0.33,0.34,15.625,10.742,12.695,15.625,13.184
21:04:31,concentrating,0.995,1.0,0.33,0.33,0.34,38.574,295.41,41.992,29.785,46.387
21:04:33,concentrating,0.995,1.0,0.33,0.33,0.34,29.297,-46.875,33.203,17.578,75.195
21:04:34,concentrating,0.994,1.0,0.33,0.33,0.34,8.301,-184.082,33.203,-3.418,64.453
21:04:35,concentrating,0.996,1.0,0.33,0.33,0.34,37.109,244.629,36.133,39.551,-11.23
21:04:37,concentrating,0.997,1.0,0.33,0.33,0.34,16.602,161.621,26.855,23.438,-34.18
21:04:38,concentrating,0.997,1.0,0.33,0.33,0.34,22.461,-308.105,30.762,19.043,-5.859
21:04:39,concentrating,0.997,1.0,0.33,0.33,0.34,29.785,-48.828,39.062,36.621,65.43
21:04:40,concentrating,0.996,1.0,0.33,0.33,0.34,52.734,41.016,27.344,51.27,6.836
21:04:41,concentrating,0.996,1.0,0.33,0.33,0.34,36.621,184.082,35.645,44.922,52.246
21:04:42,concentrating,0.996,1.0,0.33,0.33,0.34,-33.203,32.715,24.414,-13.184,60.059
21:04:43,concentrating,0.998,1.0,0.33,0.33,0.34,16.113,102.051,40.527,21.484,38.086
21:04:45,concentrating,0.998,1.0,0.33,0.33,0.34,29.785,244.141,37.598,41.016,9.277
21:04:46,concentrating,0.998,1.0,0.33,0.33,0.34,32.715,233.398,26.855,40.039,50.293
21:04:47,concentrating,0.997,1.0,0.33,0.33,0.34,35.156,264.648,34.668,39.551,-18.555
21:04:48,concentrating,0.998,1.0,0.33,0.33,0.34,31.25,-229.004,38.086,27.832,44.922
21:04:50,concentrating,0.997,1.0,0.33,0.33,0.34,-74.219,347.168,45.41,-71.289,1.465
21:04:51,concentrating,0.996,1.0,0.33,0.33,0.34,44.922,-383.301,29.785,38.574,-7.812
21:04:52,concentrating,0.996,1.0,0.33,0.33,0.34,30.762,-6.836,33.691,37.109,86.914
21:04:54,concentrating,0.996,1.0,0.33,0.33,0.34,30.762,98.145,37.598,24.414,63.965
21:04:55,concentrating,0.996,1.0,0.33,0.33,0.34,35.156,-122.07,30.762,31.25,-6.348
21:04:57,concentrating,0.995,1.0,0.33,0.33,0.34,28.32,310.059,40.039,54.688,7.324
21:04:58,concentrating,0.992,1.0,0.33,0.33,0.34,26.855,-368.652,40.039,23.926,26.367
21:04:59,concentrating,0.995,1.0,0.33,0.33,0.34,65.918,170.41,21.484,91.309,42.48
21:05:00,concentrating,0.996,1.0,0.33,0.33,0.34,30.273,64.941,27.344,50.781,66.895
21:05:01,concentrating,0.997,1.0,0.33,0.33,0.34,50.781,-9.277,27.832,44.922,-29.297
21:05:03,concentrating,0.997,1.0,0.33,0.33,0.34,39.062,-160.156,25.391,53.223,27.344
21:05:04,concentrating,0.998,1.0,0.33,0.33,0.34,13.672,-206.543,25.879,7.324,7.812
21:05:06,concentrating,0.997,1.0,0.33,0.33,0.34,43.457,-91.797,35.645,42.48,-1.953
21:05:07,concentrating,0.997,1.0,0.33,0.33,0.34,30.273,183.594,41.992,49.805,0.488
21:05:08,concentrating,0.998,1.0,0.33,0.33,0.34,28.809,-17.578,34.668,24.902,61.035
21:05:09,concentrating,0.998,1.0,0.33,0.33,0.34,37.109,-383.789,33.203,43.457,18.555
21:05:11,concentrating,0.998,1.0,0.33,0.33,0.34,39.551,239.258,35.645,33.203,68.359
21:05:12,concentrating,0.999,1.0,0.33,0.33,0.34,36.621,132.324,34.668,21.973,1.953
21:05:13,concentrating,0.998,1.0,0.33,0.33,0.34,42.969,-6.836,38.574,56.152,-13.672
21:05:14,concentrating,0.998,1.0,0.33,0.33,0.34,-49.316,312.5,39.062,-60.547,16.113
21:05:16,concentrating,0.999,1.0,0.33,0.33,0.34,43.457,183.105,25.391,30.273,91.309
21:05:17,concentrating,0.998,1.0,0.33,0.33,0.34,45.898,180.176,45.898,47.363,8.789
21:05:18,concentrating,0.998,1.0,0.33,0.33,0.34,1.465,170.898,38.086,-5.371,45.898
21:05:20,concentrating,0.997,1.0,0.33,0.33,0.34,20.996,-104.004,34.668,18.555,25.879
21:05:21,concentrating,0.997,1.0,0.33,0.33,0.34,40.039,-118.164,31.25,44.922,-3.906
21:05:23,concentrating,0.996,1.0,0.33,0.33,0.34,44.922,130.371,48.828,38.574,29.785
21:05:24,concentrating,0.998,1.0,0.33,0.33,0.34,44.434,-28.809,25.879,38.086,26.855
21:05:25,concentrating,0.998,1.0,0.33,0.33,0.34,58.105,-85.449,41.992,49.805,35.645
21:05:26,concentrating,0.996,1.0,0.33,0.33,0.34,35.645,147.949,41.992,29.785,9.766
21:05:28,concentrating,0.998,1.0,0.33,0.33,0.34,34.18,42.969,29.785,30.273,0.977
21:05:29,concentrating,0.997,1.0,0.33,0.33,0.34,36.621,-102.539,28.32,19.531,-12.695
21:05:30,concentrating,0.997,1.0,0.33,0.33,0.34,39.062,47.363,41.504,26.855,66.406
21:05:32,concentrating,0.996,1.0,0.33,0.33,0.34,18.555,189.453,28.809,8.789,-32.227
21:05:33,concentrating,0.998,1.0,0.33,0.33,0.34,29.785,-138.184,31.25,10.742,104.004
21:05:34,concentrating,0.998,1.0,0.33,0.33,0.34,41.016,259.766,43.945,45.41,95.215
21:05:36,concentrating,0.997,1.0,0.33,0.33,0.34,22.949,-204.59,40.039,30.273,76.66
21:05:37,concentrating,0.997,1.0,0.33,0.33,0.34,21.973,54.688,23.438,32.227,43.457
21:05:38,concentrating,0.997,1.0,0.33,0.33,0.34,26.367,-323.242,44.434,60.547,23.438
21:05:39,concentrating,0.996,1.0,0.33,0.33,0.34,33.691,233.887,31.25,27.344,-2.441
21:05:41,concentrating,0.997,1.0,0.33,0.33,0.34,15.137,-57.129,28.32,14.16,11.719
21:05:42,concentrating,0.996,1.0,0.33,0.33,0.34,29.297,-336.426,40.527,57.129,64.453
21:05:43,concentrating,0.996,1.0,0.33,0.33,0.34,43.457,133.789,41.016,52.734,-23.438
21:05:44,concentrating,0.995,1.0,0.33,0.33,0.34,18.066,261.23,26.855,15.137,97.168
21:05:46,concentrating,0.994,1.0,0.33,0.33,0.34,30.273,-9.766,28.32,22.949,-8.301
21:05:47,concentrating,0.996,1.0,0.33,0.33,0.34,36.621,177.734,37.598,31.738,20.996
21:05:48,concentrating,0.993,1.0,0.33,0.33,0.34,28.809,164.551,18.555,35.156,34.668
21:05:50,concentrating,0.996,1.0,0.33,0.33,0.34,50.293,-279.785,45.898,48.34,83.496
21:05:51,concentrating,0.995,1.0,0.33,0.33,0.34,39.062,123.047,20.02,61.035,18.066
21:05:53,concentrating,0.996,1.0,0.33,0.33,0.34,23.926,212.891,26.855,26.855,97.656
21:05:54,concentrating,0.996,1.0,0.33,0.33,0.34,39.062,-38.574,24.902,34.668,25.879
21:05:55,concentrating,0.982,1.0,0.33,0.33,0.34,42.969,435.547,44.434,34.668,48.828
21:05:57,concentrating,0.993,1.0,0.33,0.33,0.34,31.25,301.758,32.715,46.875,51.758
21:05:58,concentrating,0.995,1.0,0.33,0.33,0.34,35.645,89.844,35.645,31.738,43.945
21:05:59,concentrating,0.995,1.0,0.33,0.33,0.34,45.898,130.371,26.367,44.922,46.875
21:06:00,concentrating,0.994,1.0,0.33,0.33,0.34,27.344,179.688,42.969,37.598,-36.621
21:06:02,concentrating,0.995,1.0,0.33,0.33,0.34,43.945,-225.586,25.879,33.203,52.734
21:06:03,concentrating,0.995,1.0,0.33,0.33,0.34,32.715,112.793,31.738,68.359,30.762
21:06:04,concentrating,0.996,1.0,0.33,0.33,0.34,21.973,281.25,28.32,-1.953,41.504
21:06:05,concentrating,0.995,1.0,0.33,0.33,0.34,47.363,56.641,42.969,55.664,61.035
21:06:07,concentrating,0.995,1.0,0.33,0.33,0.34,24.414,-159.668,37.109,55.176,-23.438
21:06:08,concentrating,0.996,1.0,0.33,0.33,0.34,34.668,-58.594,26.367,26.855,8.789
21:06:09,concentrating,0.995,1.0,0.33,0.33,0.34,25.879,-58.105,28.809,34.18,-2.93
21:06:11,concentrating,0.995,1.0,0.33,0.33,0.34,22.461,145.02,34.18,54.688,73.73
21:06:12,concentrating,0.998,1.0,0.33,0.33,0.34,-8.789,-58.594,31.738,0.0,64.453
21:06:13,concentrating,0.996,1.0,0.33,0.33,0.34,49.316,-88.379,36.133,40.039,100.586
21:06:14,concentrating,0.996,1.0,0.33,0.33,0.34,29.785,48.828,29.785,40.039,47.852
21:06:16,concentrating,0.997,1.0,0.33,0.33,0.34,28.809,70.312,17.09,38.574,11.719
21:06:17,concentrating,0.997,1.0,0.33,0.33,0.34,15.625,1.953,22.949,14.648,12.695
21:06:18,concentrating,0.996,1.0,0.33,0.33,0.34,34.668,-261.23,23.926,26.855,40.527
21:06:19,concentrating,0.996,1.0,0.33,0.33,0.34,29.785,-425.781,33.691,12.207,48.34
21:06:20,concentrating,0.997,1.0,0.33,0.33,0.34,45.898,-135.742,25.391,41.016,50.781
21:06:22,concentrating,0.995,1.0,0.33,0.33,0.34,27.832,47.363,32.227,40.527,32.227
21:06:23,concentrating,0.996,1.0,0.33,0.33,0.34,21.973,122.559,36.133,31.25,39.551
21:06:24,concentrating,0.996,1.0,0.33,0.33,0.34,38.574,-152.832,20.02,54.199,17.578
21:06:26,concentrating,0.996,1.0,0.33,0.33,0.34,28.809,201.66,39.062,62.012,13.184
21:06:27,concentrating,0.996,1.0,0.33,0.33,0.34,52.734,127.93,36.133,41.992,56.641
21:06:28,concentrating,0.996,1.0,0.33,0.33,0.34,64.941,171.875,34.668,27.344,33.691
21:06:29,concentrating,0.995,1.0,0.33,0.33,0.34,35.645,218.262,30.762,29.785,6.836
21:06:31,concentrating,0.994,1.0,0.33,0.33,0.34,4.395,-239.258,41.504,-5.859,46.875
21:06:32,concentrating,0.991,1.0,0.33,0.33,0.34,36.133,76.172,24.414,37.109,24.414
21:06:33,concentrating,0.994,1.0,0.33,0.33,0.34,31.25,-182.129,34.18,41.992,51.27
21:06:34,concentrating,0.993,1.0,0.33,0.33,0.34,20.508,113.77,38.086,16.113,13.672
21:06:36,concentrating,0.994,1.0,0.33,0.33,0.34,35.645,71.777,30.273,-7.812,21.484
21:06:37,concentrating,0.995,1.0,0.33,0.33,0.34,32.227,130.859,28.32,21.973,102.051
21:06:38,concentrating,0.997,1.0,0.33,0.33,0.34,43.945,139.648,37.109,20.02,82.031
21:06:39,concentrating,0.996,1.0,0.33,0.33,0.34,41.016,-134.766,22.949,-1.953,3.418
21:06:41,concentrating,0.995,1.0,0.33,0.33,0.34,49.316,53.711,40.039,50.781,13.672
21:06:42,concentrating,0.996,1.0,0.33,0.33,0.34,23.438,-38.086,33.691,38.086,104.98
21:06:43,concentrating,0.995,1.0,0.33,0.33,0.34,39.062,-97.656,39.551,33.691,35.156
21:06:45,concentrating,0.995,1.0,0.33,0.33,0.34,53.223,-238.77,30.762,55.664,51.758
21:06:46,concentrating,0.996,1.0,0.33,0.33,0.34,27.832,241.699,38.086,60.059,31.738
21:06:47,concentrating,0.996,1.0,0.33,0.33,0.34,21.484,-152.832,13.184,25.879,8.789
21:06:49,concentrating,0.996,1.0,0.33,0.33,0.34,20.996,131.836,37.109,16.602,19.043
21:06:50,concentrating,0.996,1.0,0.33,0.33,0.34,46.387,11.23,34.18,61.035,9.277
21:06:51,concentrating,0.995,1.0,0.33,0.33,0.34,16.602,-51.758,32.715,33.203,38.574
21:06:52,concentrating,0.994,1.0,0.33,0.33,0.34,48.828,209.473,37.109,35.156,38.086
21:06:54,concentrating,0.994,1.0,0.33,0.33,0.34,49.805,-50.293,33.691,46.875,29.785
21:06:55,concentrating,0.994,1.0,0.33,0.33,0.34,26.855,50.781,33.203,20.508,28.32
21:06:56,concentrating,0.994,1.0,0.33,0.33,0.34,33.203,185.547,40.039,27.832,31.25
21:06:58,concentrating,0.996,1.0,0.33,0.33,0.34,39.551,155.273,24.414,29.297,-5.859
21:06:59,concentrating,0.997,1.0,0.33,0.33,0.34,6.348,189.453,13.672,37.109,25.391
21:07:00,concentrating,0.997,1.0,0.33,0.33,0.34,24.902,49.805,24.902,-13.672,-7.324
21:07:01,concentrating,0.997,1.0,0.33,0.33,0.34,50.293,218.262,21.973,38.086,30.273
21:07:02,concentrating,0.997,1.0,0.33,0.33,0.34,57.617,164.062,51.27,60.059,53.711
21:07:04,concentrating,0.996,1.0,0.33,0.33,0.34,41.992,39.062,47.852,30.762,4.395
21:07:05,concentrating,0.996,1.0,0.33,0.33,0.34,31.25,218.75,36.621,46.875,65.918
21:07:06,concentrating,0.995,1.0,0.33,0.33,0.34,38.574,126.953,28.809,75.195,9.766
21:07:08,concentrating,0.996,1.0,0.33,0.33,0.34,23.926,-158.203,36.133,21.484,20.02
21:07:09,concentrating,0.997,1.0,0.33,0.33,0.34,53.223,-190.43,44.434,62.988,-3.906
21:07:11,concentrating,0.996,1.0,0.33,0.33,0.34,38.574,73.73,30.273,39.062,4.883
21:07:12,concentrating,0.995,1.0,0.33,0.33,0.34,13.184,233.887,41.504,48.828,51.27
21:07:14,concentrating,0.995,1.0,0.33,0.33,0.34,11.719,145.996,18.555,23.926,-1.465
21:07:15,concentrating,0.997,1.0,0.33,0.33,0.34,83.984,124.512,35.645,67.383,69.824
21:07:16,concentrating,0.996,1.0,0.33,0.33,0.34,35.645,-342.773,44.434,27.832,-1.953
21:07:18,concentrating,0.997,1.0,0.33,0.33,0.34,-13.184,-216.797,41.504,-5.371,66.406
21:07:19,concentrating,0.997,1.0,0.33,0.33,0.34,42.969,181.152,50.293,55.176,19.531
21:07:20,concentrating,0.995,1.0,0.33,0.33,0.34,38.574,35.156,34.668,36.621,80.566
21:07:22,concentrating,0.996,1.0,0.33,0.33,0.34,37.598,210.449,25.391,30.762,79.59
21:07:23,concentrating,0.995,1.0,0.33,0.33,0.34,45.41,-162.598,39.062,40.039,83.496
21:07:24,concentrating,0.997,1.0,0.33,0.33,0.34,33.203,87.891,28.32,39.551,-8.301
21:07:26,concentrating,0.997,1.0,0.33,0.33,0.34,32.715,218.75,26.855,31.25,14.648
21:07:27,concentrating,0.998,1.0,0.33,0.33,0.34,46.387,111.816,42.48,46.387,10.254
21:07:29,concentrating,0.999,1.0,0.33,0.33,0.34,45.41,67.383,44.434,53.223,63.477
21:07:30,concentrating,0.998,1.0,0.33,0.33,0.34,15.625,-359.863,41.504,45.898,34.668
21:07:31,concentrating,0.998,1.0,0.33,0.33,0.34,47.852,71.777,29.785,28.32,21.973
21:07:33,concentrating,0.996,1.0,0.33,0.33,0.34,27.344,-43.945,29.297,35.645,13.672
21:07:34,concentrating,0.996,1.0,0.33,0.33,0.34,35.645,-258.301,31.738,39.551,18.066
21:07:35,concentrating,0.997,1.0,0.33,0.33,0.34,28.809,241.211,33.691,21.973,31.738
21:07:36,concentrating,0.997,1.0,0.33,0.33,0.34,48.828,97.656,35.645,72.754,-12.695
21:07:38,concentrating,0.997,1.0,0.33,0.33,0.34,105.957,123.535,20.508,94.727,57.129
21:07:39,concentrating,0.996,1.0,0.33,0.33,0.34,40.527,35.156,36.133,17.09,26.367
21:07:40,concentrating,0.996,1.0,0.33,0.33,0.34,37.109,47.363,34.18,51.758,-30.762
21:07:41,concentrating,0.996,1.0,0.33,0.33,0.34,33.691,-33.203,35.156,52.246,-17.09
21:07:43,concentrating,0.997,1.0,0.33,0.33,0.34,-20.02,169.922,31.738,-14.648,62.988
21:07:44,concentrating,0.996,1.0,0.33,0.33,0.34,24.902,36.133,24.414,24.902,29.297
21:07:45,concentrating,0.997,1.0,0.33,0.33,0.34,47.852,-261.719,31.25,27.832,16.602
21:07:46,concentrating,0.995,1.0,0.33,0.33,0.34,22.949,177.734,24.414,18.555,0.977
21:07:48,concentrating,0.996,1.0,0.33,0.33,0.34,38.086,231.445,26.855,36.133,21.973
21:07:49,concentrating,0.995,1.0,0.33,0.33,0.34,52.246,-3.906,45.41,37.598,49.316
21:07:50,concentrating,0.996,1.0,0.33,0.33,0.34,49.316,69.336,31.738,48.828,28.809
21:07:51,concentrating,0.996,1.0,0.33,0.33,0.34,29.785,191.895,39.062,38.574,-8.789
21:07:53,concentrating,0.996,1.0,0.33,0.33,0.34,42.969,-321.777,36.621,27.832,24.902
21:07:54,concentrating,0.998,1.0,0.33,0.33,0.34,33.203,75.684,46.387,54.199,65.43
21:07:55,concentrating,0.998,1.0,0.33,0.33,0.34,34.668,127.441,31.25,25.879,26.855
21:07:57,concentrating,0.998,1.0,0.33,0.33,0.34,33.691,-98.145,42.969,19.043,61.523
21:07:58,concentrating,0.997,1.0,0.33,0.33,0.34,25.391,-10.742,24.902,20.02,21.484
21:08:00,concentrating,0.996,1.0,0.33,0.33,0.34,26.367,5.859,50.781,34.668,-8.789
21:08:01,concentrating,0.996,1.0,0.33,0.33,0.34,21.973,74.219,34.668,40.527,15.137
21:08:02,concentrating,0.996,1.0,0.33,0.33,0.34,15.137,119.141,39.551,52.246,42.48
21:08:04,concentrating,0.995,1.0,0.33,0.33,0.34,29.297,53.223,31.25,46.875,48.34
21:08:05,concentrating,0.995,1.0,0.33,0.33,0.34,57.617,94.727,41.016,46.875,20.02
21:08:06,concentrating,0.996,1.0,0.33,0.33,0.34,44.434,-20.996,39.551,53.711,-15.137
21:08:07,concentrating,0.995,1.0,0.33,0.33,0.34,10.742,338.867,36.133,32.227,50.293
21:08:09,concentrating,0.996,1.0,0.33,0.33,0.34,19.531,81.055,47.852,30.273,32.715
21:08:10,concentrating,0.998,1.0,0.33,0.33,0.34,34.18,184.082,33.203,40.527,20.508
21:08:11,concentrating,0.997,1.0,0.33,0.33,0.34,20.508,213.379,27.344,36.621,-4.883
21:08:12,concentrating,0.997,1.0,0.33,0.33,0.34,27.832,41.992,32.227,27.344,71.777
21:08:14,concentrating,0.997,1.0,0.33,0.33,0.34,41.992,65.43,18.066,40.039,49.316
21:08:15,concentrating,0.997,1.0,0.33,0.33,0.34,43.945,-356.445,42.48,46.387,-23.926
21:08:16,concentrating,0.995,1.0,0.33,0.33,0.34,53.223,245.605,55.664,96.191,16.602
21:08:18,concentrating,0.996,1.0,0.33,0.33,0.34,41.992,6.836,38.574,50.293,-31.25
21:08:19,concentrating,0.995,1.0,0.33,0.33,0.34,40.527,70.801,26.367,21.484,52.246
21:08:20,concentrating,0.995,1.0,0.33,0.33,0.34,40.039,-322.754,42.48,33.691,-38.574
21:08:22,concentrating,0.995,1.0,0.33,0.33,0.34,30.762,159.18,33.203,27.832,92.285
21:08:23,concentrating,0.995,1.0,0.33,0.33,0.34,24.414,73.73,34.18,26.367,25.391
21:08:24,concentrating,0.996,1.0,0.33,0.33,0.34,58.105,37.598,41.016,51.758,84.473
21:08:26,concentrating,0.996,1.0,0.33,0.33,0.34,35.645,-187.012,27.832,27.344,24.902
21:08:27,concentrating,0.997,1.0,0.33,0.33,0.34,37.109,155.762,32.715,25.391,34.668
21:08:28,concentrating,0.997,1.0,0.33,0.33,0.34,31.25,7.324,26.855,41.992,16.602
21:08:29,concentrating,0.996,1.0,0.33,0.33,0.34,36.133,141.602,50.293,92.773,67.871
21:08:30,concentrating,0.995,1.0,0.33,0.33,0.34,28.809,216.309,44.434,72.754,43.457
21:08:31,concentrating,0.994,1.0,0.33,0.33,0.34,40.527,83.008,36.621,45.898,-41.016
21:08:33,concentrating,0.994,1.0,0.33,0.33,0.34,22.461,112.793,24.414,14.648,-23.438
21:08:34,concentrating,0.996,1.0,0.33,0.33,0.34,24.902,-204.59,25.879,14.16,11.23
21:08:36,concentrating,0.995,1.0,0.33,0.33,0.34,29.297,-283.203,38.574,37.598,20.996
21:08:37,concentrating,0.997,1.0,0.33,0.33,0.34,60.059,109.863,40.039,58.594,46.387
21:08:38,concentrating,0.997,1.0,0.33,0.33,0.34,27.832,-77.637,36.133,47.852,64.941
21:08:40,concentrating,0.997,1.0,0.33,0.33,0.34,3.906,-46.387,30.273,4.395,70.801
21:08:41,concentrating,0.997,1.0,0.33,0.33,0.34,20.996,178.223,27.832,41.504,-2.93
21:08:42,concentrating,0.997,1.0,0.33,0.33,0.34,37.598,-148.438,27.344,30.762,41.504
21:08:44,concentrating,0.997,1.0,0.33,0.33,0.34,32.715,231.934,38.086,60.547,29.297
21:08:45,concentrating,0.997,1.0,0.33,0.33,0.34,28.32,49.316,27.344,30.762,26.855
21:08:46,concentrating,0.998,1.0,0.33,0.33,0.34,23.438,-59.57,25.391,24.414,-9.277
21:08:48,concentrating,0.998,1.0,0.33,0.33,0.34,36.621,-309.082,40.039,29.297,51.27
21:08:49,concentrating,0.998,1.0,0.33,0.33,0.34,43.457,-354.98,37.109,28.809,0.488
21:08:50,concentrating,0.998,1.0,0.33,0.33,0.34,14.16,192.383,32.715,35.645,-15.137
21:08:51,concentrating,0.997,1.0,0.33,0.33,0.34,43.945,170.41,35.156,24.414,49.805
21:08:53,concentrating,0.998,1.0,0.33,0.33,0.34,34.18,18.066,32.227,33.203,6.836
21:08:54,concentrating,0.998,1.0,0.33,0.33,0.34,27.832,118.164,25.391,22.949,97.656
21:08:56,concentrating,0.998,1.0,0.33,0.33,0.34,25.879,-183.594,33.203,24.902,66.406
21:08:58,concentrating,0.998,1.0,0.33,0.33,0.34,19.043,38.086,19.531,30.762,1.465
21:08:59,concentrating,0.998,1.0,0.33,0.33,0.34,31.738,87.891,25.879,47.363,52.734
21:09:01,concentrating,0.997,1.0,0.33,0.33,0.34,62.012,-92.773,32.715,39.551,0.977
21:09:02,concentrating,0.998,1.0,0.33,0.33,0.34,21.484,-263.184,38.086,24.902,113.281
21:09:03,concentrating,0.998,1.0,0.33,0.33,0.34,16.602,134.766,43.457,28.32,67.383
21:09:04,concentrating,0.998,1.0,0.33,0.33,0.34,39.551,93.262,24.414,40.527,-1.953
21:09:06,concentrating,0.999,1.0,0.33,0.33,0.34,13.672,99.609,29.785,18.066,25.391
21:09:07,concentrating,0.999,1.0,0.33,0.33,0.34,18.066,137.695,34.18,32.715,60.059
21:09:08,concentrating,0.998,1.0,0.33,0.33,0.34,32.715,-129.395,33.203,21.973,77.148
21:09:09,concentrating,0.998,1.0,0.33,0.33,0.34,55.176,236.816,40.039,53.711,35.156
21:09:10,concentrating,0.996,1.0,0.33,0.33,0.34,44.922,95.215,46.387,42.48,31.25
21:09:11,concentrating,0.997,1.0,0.33,0.33,0.34,42.48,268.066,38.086,37.598,68.848
21:09:13,concentrating,0.997,1.0,0.33,0.33,0.34,48.828,217.773,23.438,42.48,49.805
21:09:14,concentrating,0.997,1.0,0.33,0.33,0.34,43.945,84.961,30.762,47.852,6.836
21:09:15,concentrating,0.997,1.0,0.33,0.33,0.34,-77.637,-118.164,62.5,-68.848,52.246
21:09:16,concentrating,0.997,1.0,0.33,0.33,0.34,51.27,41.016,39.062,39.062,-31.25
21:09:17,concentrating,0.996,1.0,0.33,0.33,0.34,20.508,112.793,30.273,17.578,5.371
21:09:19,concentrating,0.997,1.0,0.33,0.33,0.34,77.637,221.68,40.527,73.242,-16.602
21:09:20,concentrating,0.996,1.0,0.33,0.33,0.34,13.672,123.535,34.18,36.133,54.199
21:09:21,concentrating,0.996,1.0,0.33,0.33,0.34,46.387,166.992,39.062,49.805,-49.316
21:09:22,concentrating,0.998,1.0,0.33,0.33,0.34,44.434,-138.672,35.156,42.48,17.09
21:09:23,concentrating,0.994,1.0,0.33,0.33,0.34,27.832,102.539,31.25,28.32,-4.395
21:09:24,concentrating,0.996,1.0,0.33,0.33,0.34,24.414,253.418,33.203,-0.488,35.645
21:09:26,concentrating,0.996,1.0,0.33,0.33,0.34,37.598,208.008,37.109,48.34,-2.441
21:09:27,concentrating,0.997,1.0,0.33,0.33,0.34,52.734,191.895,36.133,41.992,21.973
21:09:28,concentrating,0.997,1.0,0.33,0.33,0.34,27.344,229.492,34.668,20.02,70.801
21:09:30,concentrating,0.998,1.0,0.33,0.33,0.34,30.762,47.363,26.855,35.156,88.379
21:09:31,concentrating,0.998,1.0,0.33,0.33,0.34,31.25,225.098,36.621,32.715,16.113
21:09:32,concentrating,0.997,1.0,0.33,0.33,0.34,47.363,227.051,43.945,38.574,14.16
21:09:34,concentrating,0.997,1.0,0.33,0.33,0.34,42.969,39.062,28.809,37.109,0.0
21:09:35,concentrating,0.996,1.0,0.33,0.33,0.34,94.727,117.188,16.602,99.121,36.621
21:09:36,concentrating,0.997,1.0,0.33,0.33,0.34,37.109,70.312,27.832,31.738,46.387
21:09:37,concentrating,0.997,1.0,0.33,0.33,0.34,34.668,-280.762,35.156,32.715,-1.465
21:09:39,concentrating,0.998,1.0,0.33,0.33,0.34,14.648,-100.586,29.785,16.602,-17.578
21:09:40,concentrating,0.997,1.0,0.33,0.33,0.34,54.688,205.566,35.156,36.133,-13.672
21:09:41,concentrating,0.998,1.0,0.33,0.33,0.34,29.785,265.137,29.297,35.156,40.039
21:09:42,concentrating,0.998,1.0,0.33,0.33,0.34,53.711,150.879,28.809,64.453,-6.348
21:09:44,concentrating,0.999,1.0,0.33,0.33,0.34,41.992,23.438,40.039,30.762,61.035
21:09:45,concentrating,0.999,1.0,0.33,0.33,0.34,7.812,202.148,21.973,15.625,21.484
21:09:46,concentrating,0.999,1.0,0.33,0.33,0.34,20.508,-35.156,32.227,24.414,27.832
21:09:47,concentrating,0.998,1.0,0.33,0.33,0.34,37.598,-244.141,37.109,29.297,39.062
21:09:49,concentrating,0.997,1.0,0.33,0.33,0.34,33.691,-79.59,28.32,14.16,24.414
21:09:50,concentrating,0.997,1.0,0.33,0.33,0.34,29.785,211.426,41.016,25.879,-32.715
21:09:51,concentrating,0.998,1.0,0.33,0.33,0.34,19.531,-268.066,35.156,10.254,83.008
21:09:52,concentrating,0.996,1.0,0.33,0.33,0.34,34.668,311.523,15.137,45.898,28.809
21:09:54,concentrating,0.995,1.0,0.33,0.33,0.34,38.086,103.516,28.809,57.617,42.969
21:09:55,concentrating,0.997,1.0,0.33,0.33,0.34,24.902,-74.219,31.25,14.16,-11.719
21:09:56,concentrating,0.996,1.0,0.33,0.33,0.34,39.551,-352.051,43.457,39.551,38.574
21:09:57,concentrating,0.994,1.0,0.33,0.33,0.34,36.133,-134.766,32.227,32.715,23.438
21:09:58,concentrating,0.996,1.0,0.33,0.33,0.34,24.902,56.641,29.785,49.805,1.465
21:10:00,concentrating,0.994,1.0,0.33,0.33,0.34,33.203,177.734,25.879,33.691,64.941
21:10:01,concentrating,0.995,1.0,0.33,0.33,0.34,23.438,120.117,16.602,49.805,24.902
21:10:02,concentrating,0.996,1.0,0.33,0.33,0.34,36.621,-354.004,19.531,11.23,38.574
21:10:03,concentrating,0.998,1.0,0.33,0.33,0.34,50.293,223.633,29.297,37.109,112.305
21:10:05,concentrating,0.997,1.0,0.33,0.33,0.34,49.805,288.086,49.316,72.754,36.621
21:10:06,concentrating,0.996,1.0,0.33,0.33,0.34,-6.836,69.824,42.48,2.441,19.531
21:10:07,concentrating,0.996,1.0,0.33,0.33,0.34,32.715,158.691,31.738,23.438,1.465
21:10:09,concentrating,0.996,1.0,0.33,0.33,0.34,20.996,-70.801,33.691,36.133,48.34
21:10:10,concentrating,0.997,1.0,0.33,0.33,0.34,59.57,132.812,55.664,53.223,55.176
21:10:11,concentrating,0.996,1.0,0.33,0.33,0.34,40.039,143.555,42.48,34.668,38.086
21:10:13,concentrating,0.996,1.0,0.33,0.33,0.34,40.039,214.844,31.25,30.762,-6.836
21:10:14,concentrating,0.996,1.0,0.33,0.33,0.34,62.012,198.242,35.645,45.41,27.344
21:10:15,concentrating,0.995,1.0,0.33,0.33,0.34,37.598,158.691,48.34,41.992,27.832
21:10:17,concentrating,0.997,1.0,0.33,0.33,0.34,50.781,-177.734,37.109,30.762,8.789
21:10:18,concentrating,0.996,1.0,0.33,0.33,0.34,36.133,53.223,22.461,37.598,-21.973
21:10:19,concentrating,0.996,1.0,0.33,0.33,0.34,47.852,262.695,50.293,65.918,42.969
21:10:20,concentrating,0.996,1.0,0.33,0.33,0.34,28.809,-245.605,33.691,36.133,65.43
21:10:22,concentrating,0.995,1.0,0.33,0.33,0.34,54.688,90.82,41.992,36.621,27.344
21:10:23,concentrating,0.995,1.0,0.33,0.33,0.34,55.176,396.973,42.969,63.477,87.402
21:10:24,concentrating,0.995,1.0,0.33,0.33,0.34,30.273,185.059,25.879,41.992,40.039
21:10:26,concentrating,0.996,1.0,0.33,0.33,0.34,34.668,31.738,21.484,28.32,-7.324
21:10:27,concentrating,0.996,1.0,0.33,0.33,0.34,20.02,187.012,17.578,27.344,31.25
21:10:28,concentrating,0.997,1.0,0.33,0.33,0.34,8.789,46.875,28.32,20.02,25.391
21:10:29,concentrating,0.997,1.0,0.33,0.33,0.34,43.945,174.805,33.203,32.227,43.945
21:10:31,concentrating,0.997,1.0,0.33,0.33,0.34,21.973,37.109,29.297,19.043,25.391
21:10:32,concentrating,0.997,1.0,0.33,0.33,0.34,39.062,-369.629,36.133,40.527,-30.762
21:10:34,concentrating,0.996,1.0,0.33,0.33,0.34,17.578,32.715,34.18,15.137,-17.578
21:10:35,concentrating,0.996,1.0,0.33,0.33,0.34,70.312,205.078,49.316,98.633,20.996
21:10:37,concentrating,0.997,1.0,0.33,0.33,0.34,30.762,78.613,29.785,39.062,-24.414
21:10:38,concentrating,0.998,1.0,0.33,0.33,0.34,17.09,-85.938,35.156,27.832,-20.02
21:10:40,concentrating,0.999,1.0,0.33,0.33,0.34,74.707,91.797,24.902,82.52,52.734
21:10:41,concentrating,0.998,1.0,0.33,0.33,0.34,40.527,-270.996,36.133,51.27,83.008
21:10:42,concentrating,0.998,1.0,0.33,0.33,0.34,35.645,16.602,29.785,25.391,9.766
21:10:43,concentrating,0.997,1.0,0.33,0.33,0.34,30.762,204.102,34.18,38.086,34.18
21:10:44,concentrating,0.998,1.0,0.33,0.33,0.34,37.109,189.453,51.758,43.945,62.5
21:10:46,concentrating,0.996,1.0,0.33,0.33,0.34,76.66,238.77,23.926,75.684,64.453
21:10:47,concentrating,0.997,1.0,0.33,0.33,0.34,27.344,65.43,44.922,25.879,25.391
21:10:48,concentrating,0.997,1.0,0.33,0.33,0.34,5.859,14.648,23.926,20.02,58.105
21:10:49,concentrating,0.997,1.0,0.33,0.33,0.34,26.855,-237.305,41.992,18.555,30.762
21:10:50,concentrating,0.997,1.0,0.33,0.33,0.34,78.613,208.008,21.973,73.242,32.715
21:10:51,concentrating,0.998,1.0,0.33,0.33,0.34,25.879,-242.188,28.32,19.531,48.34
21:10:53,concentrating,0.997,1.0,0.33,0.33,0.34,31.738,150.879,19.531,27.344,63.965
21:10:54,concentrating,0.997,1.0,0.33,0.33,0.34,35.645,145.996,38.086,41.016,34.18
21:10:55,concentrating,0.997,1.0,0.33,0.33,0.34,36.133,-170.41,39.551,53.223,-3.418
21:10:56,concentrating,0.997,1.0,0.33,0.33,0.34,52.734,-184.082,42.48,59.57,70.312
21:10:57,concentrating,0.998,1.0,0.33,0.33,0.34,29.297,-121.094,21.484,31.738,68.848
21:10:58,concentrating,0.997,1.0,0.33,0.33,0.34,-93.262,-5.371,41.992,-101.562,32.227
21:11:00,concentrating,0.996,1.0,0.33,0.33,0.34,33.203,-360.352,24.414,19.043,47.363
21:11:01,concentrating,0.998,1.0,0.33,0.33,0.34,83.984,115.234,44.434,83.984,26.367
21:11:02,concentrating,0.996,1.0,0.33,0.33,0.34,69.824,-15.137,30.762,98.145,15.137
21:11:03,concentrating,0.996,1.0,0.33,0.33,0.34,34.18,-278.809,48.34,33.691,-40.039
21:11:04,concentrating,0.995,1.0,0.33,0.33,0.34,159.18,72.266,7.324,164.062,2.441
21:11:05,concentrating,0.995,1.0,0.33,0.33,0.34,32.227,-48.34,22.949,36.133,6.348
21:11:07,concentrating,0.995,1.0,0.33,0.33,0.34,68.848,-8.789,35.156,66.406,4.883
21:11:08,concentrating,0.994,1.0,0.33,0.33,0.34,50.293,111.328,53.223,53.223,41.016
21:11:09,concentrating,0.997,1.0,0.33,0.33,0.34,0.488,-162.109,41.504,-15.625,1.465
21:11:10,concentrating,0.993,1.0,0.33,0.33,0.34,29.785,136.23,44.434,54.199,35.645
21:11:11,concentrating,0.993,1.0,0.33,0.33,0.34,41.016,-41.504,43.457,50.781,26.855
21:11:12,concentrating,0.995,1.0,0.33,0.33,0.34,11.719,21.973,22.461,15.137,37.598
21:11:14,concentrating,0.994,1.0,0.33,0.33,0.34,24.902,-13.672,28.32,30.273,3.906
21:11:15,concentrating,0.995,1.0,0.33,0.33,0.34,30.762,262.695,28.32,18.555,91.797
21:11:16,concentrating,0.996,1.0,0.33,0.33,0.34,33.203,101.562,35.645,28.809,74.707
21:11:18,concentrating,0.997,1.0,0.33,0.33,0.34,37.598,71.777,34.668,55.176,34.668
21:11:19,concentrating,0.996,1.0,0.33,0.33,0.34,53.223,39.551,36.133,53.223,0.977
21:11:20,concentrating,0.998,1.0,0.33,0.33,0.34,32.227,56.152,26.367,30.762,43.457
21:11:21,concentrating,0.997,1.0,0.33,0.33,0.34,54.199,-20.996,41.016,43.457,38.086
21:11:22,concentrating,0.998,1.0,0.33,0.33,0.34,36.133,97.656,28.809,42.48,-21.484
21:11:23,concentrating,0.997,1.0,0.33,0.33,0.34,33.203,127.93,35.645,45.41,35.156
21:11:25,concentrating,0.997,1.0,0.33,0.33,0.34,23.926,102.051,26.855,20.508,53.223
21:11:26,concentrating,0.995,1.0,0.33,0.33,0.34,24.414,130.371,38.574,35.156,25.391
21:11:27,concentrating,0.994,1.0,0.33,0.33,0.34,10.742,88.867,24.414,22.461,41.992
21:11:28,concentrating,0.995,1.0,0.33,0.33,0.34,64.453,-177.734,17.09,58.594,44.922
21:11:29,concentrating,0.994,1.0,0.33,0.33,0.34,37.109,249.023,45.41,37.109,58.594
21:11:31,concentrating,0.997,1.0,0.33,0.33,0.34,38.086,45.898,30.273,37.109,-41.992
21:11:32,concentrating,0.997,1.0,0.33,0.33,0.34,44.434,-86.426,38.574,51.758,85.449
21:11:33,concentrating,0.998,1.0,0.33,0.33,0.34,25.879,-282.227,25.391,15.625,46.875
21:11:34,concentrating,0.998,1.0,0.33,0.33,0.34,20.996,89.355,20.996,29.785,17.09
21:11:36,concentrating,0.997,1.0,0.33,0.33,0.34,29.297,199.219,36.133,51.27,73.242
21:11:37,concentrating,0.998,1.0,0.33,0.33,0.34,24.414,219.238,20.996,9.277,11.23
21:11:38,concentrating,0.998,1.0,0.33,0.33,0.34,33.691,-265.625,27.344,21.484,7.324
21:11:40,concentrating,0.996,1.0,0.33,0.33,0.34,51.27,216.797,32.715,47.363,15.625
21:11:41,concentrating,0.997,1.0,0.33,0.33,0.34,18.066,9.766,45.41,24.414,-21.973
21:11:42,concentrating,0.997,1.0,0.33,0.33,0.34,33.691,106.445,28.809,54.199,-5.859
21:11:43,concentrating,0.998,1.0,0.33,0.33,0.34,23.926,99.121,31.25,38.086,46.387
21:11:45,concentrating,0.998,1.0,0.33,0.33,0.34,39.551,77.148,44.922,25.391,83.984
21:11:46,concentrating,0.998,1.0,0.33,0.33,0.34,45.898,81.543,35.156,42.969,11.23
21:11:47,concentrating,0.998,1.0,0.33,0.33,0.34,48.34,-224.609,29.297,48.828,74.707
21:11:48,concentrating,0.998,1.0,0.33,0.33,0.34,31.25,-189.941,30.273,40.039,37.598
21:11:50,concentrating,0.998,1.0,0.33,0.33,0.34,34.18,-158.691,44.922,18.555,-2.93
21:11:51,concentrating,0.998,1.0,0.33,0.33,0.34,30.762,153.809,21.973,18.066,64.941
21:11:52,concentrating,0.998,1.0,0.33,0.33,0.34,20.996,-157.227,29.785,32.715,34.18
21:11:54,concentrating,0.997,1.0,0.33,0.33,0.34,45.898,71.777,14.16,47.852,41.016
21:11:55,concentrating,0.991,1.0,0.33,0.33,0.34,24.902,-177.246,31.738,37.109,-16.602
21:11:57,concentrating,0.997,1.0,0.33,0.33,0.34,37.109,187.012,32.715,31.25,-19.531
21:11:58,concentrating,0.996,1.0,0.33,0.33,0.34,40.039,-144.531,42.48,34.18,42.48
21:12:00,concentrating,0.996,1.0,0.33,0.33,0.34,29.785,-146.484,37.598,31.738,62.988
21:12:01,concentrating,0.996,1.0,0.33,0.33,0.34,45.41,-39.062,50.781,39.062,27.832
21:12:02,concentrating,0.996,1.0,0.33,0.33,0.34,33.691,166.504,34.668,34.668,61.523
21:12:04,concentrating,0.997,1.0,0.33,0.33,0.34,26.855,169.434,33.203,22.949,21.973
21:12:05,concentrating,0.997,1.0,0.33,0.33,0.34,42.969,201.172,28.809,40.039,2.441
21:12:07,concentrating,0.996,1.0,0.33,0.33,0.34,48.34,293.457,50.293,41.016,95.703
21:12:08,concentrating,0.997,1.0,0.33,0.33,0.34,26.855,270.996,23.438,19.531,57.129
21:12:09,concentrating,0.998,1.0,0.33,0.33,0.34,38.574,182.617,26.367,14.648,39.062
21:12:10,concentrating,0.997,1.0,0.33,0.33,0.34,44.434,-239.258,44.434,33.203,6.836
21:12:11,concentrating,0.997,1.0,0.33,0.33,0.34,32.715,136.23,35.156,23.438,18.066
21:12:13,concentrating,0.997,1.0,0.33,0.33,0.34,22.461,126.465,26.855,14.648,63.477
21:12:14,concentrating,0.997,1.0,0.33,0.33,0.34,46.387,-176.27,42.48,47.852,30.762
21:12:15,concentrating,0.997,1.0,0.33,0.33,0.34,21.484,161.133,13.672,34.668,0.977
21:12:16,concentrating,0.997,1.0,0.33,0.33,0.34,36.133,193.359,34.18,49.805,8.301
21:12:18,concentrating,0.996,1.0,0.33,0.33,0.34,30.762,222.168,25.391,12.207,30.762
21:12:19,concentrating,0.996,1.0,0.33,0.33,0.34,44.922,-303.711,33.691,55.176,56.641
21:12:20,concentrating,0.997,1.0,0.33,0.33,0.34,39.062,334.473,35.156,46.387,113.77
21:12:21,concentrating,0.997,1.0,0.33,0.33,0.34,29.297,111.328,26.855,22.461,43.457
21:12:23,concentrating,0.997,1.0,0.33,0.33,0.34,29.297,-37.109,24.414,39.551,31.25
21:12:24,concentrating,0.998,1.0,0.33,0.33,0.34,37.598,62.5,25.879,30.762,-25.879
21:12:25,concentrating,0.998,1.0,0.33,0.33,0.34,26.855,37.109,38.574,31.738,-28.809
21:12:27,concentrating,0.998,1.0,0.33,0.33,0.34,29.297,40.527,25.391,19.531,32.227
21:12:28,concentrating,0.998,1.0,0.33,0.33,0.34,20.508,114.746,33.203,30.762,25.879
21:12:29,concentrating,0.997,1.0,0.33,0.33,0.34,-68.359,-74.707,25.391,-86.914,59.082
21:12:31,concentrating,0.997,1.0,0.33,0.33,0.34,32.227,-324.707,27.832,54.688,89.355
21:12:32,concentrating,0.994,1.0,0.33,0.33,0.34,37.109,126.953,24.902,20.02,35.156
21:12:33,concentrating,0.996,1.0,0.33,0.33,0.34,48.34,195.801,41.504,48.828,77.637
21:12:35,concentrating,0.998,1.0,0.33,0.33,0.34,35.156,187.5,15.625,20.508,34.668
21:12:36,concentrating,0.998,1.0,0.33,0.33,0.34,32.715,-272.949,40.527,13.184,63.477
21:12:37,concentrating,0.998,1.0,0.33,0.33,0.34,30.273,134.766,37.598,49.805,11.719
21:12:38,concentrating,0.998,1.0,0.33,0.33,0.34,40.039,157.715,39.551,64.453,29.297
21:12:39,concentrating,0.997,1.0,0.33,0.33,0.34,5.859,121.582,29.785,-11.23,12.695
21:12:41,concentrating,0.996,1.0,0.33,0.33,0.34,39.062,89.355,33.691,26.367,20.02
21:12:42,concentrating,0.955,1.0,0.33,0.33,0.34,25.391,77.637,30.273,-0.977,68.848
21:12:43,concentrating,0.944,1.0,0.33,0.33,0.34,41.992,65.918,28.32,32.715,10.742
21:12:45,concentrating,0.975,1.0,0.33,0.33,0.34,24.902,-132.812,30.762,29.297,46.387
21:12:46,concentrating,0.976,1.0,0.33,0.33,0.34,45.898,-172.363,42.48,44.434,53.223
21:12:47,concentrating,0.994,1.0,0.33,0.33,0.34,34.18,144.043,27.832,30.273,33.691
21:12:49,concentrating,0.995,1.0,0.33,0.33,0.34,47.363,-151.855,8.789,56.641,62.012
21:12:50,concentrating,0.997,1.0,0.33,0.33,0.34,31.738,-75.195,20.02,8.789,41.504
21:12:51,concentrating,0.997,1.0,0.33,0.33,0.34,20.508,-112.793,23.438,8.301,32.715
21:12:53,concentrating,0.998,1.0,0.33,0.33,0.34,49.805,-90.332,34.668,59.57,-0.977
21:12:54,concentrating,0.998,1.0,0.33,0.33,0.34,24.902,74.219,20.508,35.645,34.668
21:12:55,concentrating,0.998,1.0,0.33,0.33,0.34,41.016,247.07,34.668,38.574,30.762
21:12:57,concentrating,0.998,1.0,0.33,0.33,0.34,35.645,-131.836,35.156,36.621,-12.207
21:12:58,concentrating,0.998,1.0,0.33,0.33,0.34,37.109,112.793,30.273,35.645,54.688
21:12:59,concentrating,0.997,1.0,0.33,0.33,0.34,50.293,-267.09,17.578,49.805,-37.598
21:13:00,concentrating,0.997,1.0,0.33,0.33,0.34,32.227,2.441,40.039,23.926,52.734
21:13:02,concentrating,0.998,1.0,0.33,0.33,0.34,27.832,205.078,12.695,32.715,45.41
21:13:03,concentrating,0.997,1.0,0.33,0.33,0.34,41.504,201.66,41.504,36.621,34.668
21:13:04,concentrating,0.998,1.0,0.33,0.33,0.34,3.418,-184.082,30.273,5.859,48.828
21:13:05,concentrating,0.997,1.0,0.33,0.33,0.34,42.969,165.039,35.156,33.203,65.43
21:13:07,concentrating,0.998,1.0,0.33,0.33,0.34,25.391,-32.715,22.461,16.113,42.48
21:13:08,concentrating,0.998,1.0,0.33,0.33,0.34,26.855,234.863,35.156,52.734,4.883
21:13:09,concentrating,0.997,1.0,0.33,0.33,0.34,45.898,-220.215,41.016,27.832,2.93
21:13:10,concentrating,0.997,1.0,0.33,0.33,0.34,39.062,300.781,27.832,40.039,81.055
21:13:12,concentrating,0.996,1.0,0.33,0.33,0.34,37.598,89.844,30.273,25.391,41.016
21:13:13,concentrating,0.997,1.0,0.33,0.33,0.34,38.574,25.391,28.32,28.809,-14.16
21:13:14,concentrating,0.996,1.0,0.33,0.33,0.34,32.715,-4.883,31.25,33.691,46.875
21:13:15,concentrating,0.996,1.0,0.33,0.33,0.34,44.922,152.832,35.156,41.016,62.5
21:13:17,concentrating,0.996,1.0,0.33,0.33,0.34,17.578,-38.086,21.973,3.906,38.574
21:13:18,concentrating,0.997,1.0,0.33,0.33,0.34,49.316,34.668,37.109,36.133,45.41
21:13:19,concentrating,0.997,1.0,0.33,0.33,0.34,38.574,-315.43,33.203,31.25,30.273
21:13:21,concentrating,0.997,1.0,0.33,0.33,0.34,42.969,22.949,13.672,16.602,37.109
21:13:22,concentrating,0.998,1.0,0.33,0.33,0.34,-29.785,-161.133,36.621,-32.227,33.203
21:13:23,concentrating,0.997,1.0,0.33,0.33,0.34,-81.055,25.879,55.176,-72.266,28.809
21:13:24,concentrating,0.995,1.0,0.33,0.33,0.34,41.504,56.152,47.363,46.387,10.742
21:13:25,concentrating,0.997,1.0,0.33,0.33,0.34,83.984,123.535,33.203,110.84,-22.461
21:13:26,concentrating,0.996,1.0,0.33,0.33,0.34,41.992,227.051,24.902,41.016,22.949
21:13:28,concentrating,0.997,1.0,0.33,0.33,0.34,43.457,-266.113,44.434,32.227,14.16
21:13:29,concentrating,0.997,1.0,0.33,0.33,0.34,58.105,-296.875,45.41,44.434,13.672
21:13:30,concentrating,0.998,1.0,0.33,0.33,0.34,41.504,-37.598,38.086,28.32,7.324
21:13:31,concentrating,0.998,1.0,0.33,0.33,0.34,17.578,102.539,38.086,26.855,69.336
21:13:33,concentrating,0.998,1.0,0.33,0.33,0.34,34.668,155.273,51.758,36.621,45.41
21:13:34,concentrating,0.998,1.0,0.33,0.33,0.34,46.387,-174.316,40.039,36.621,33.203
21:13:35,concentrating,0.998,1.0,0.33,0.33,0.34,28.809,146.973,31.25,15.625,-31.25
21:13:37,concentrating,0.997,1.0,0.33,0.33,0.34,26.855,-293.945,21.484,7.812,69.336
21:13:38,concentrating,0.997,1.0,0.33,0.33,0.34,31.738,20.508,33.203,36.133,8.301
21:13:39,concentrating,0.997,1.0,0.33,0.33,0.34,38.574,104.98,38.574,33.691,71.289
21:13:41,concentrating,0.996,1.0,0.33,0.33,0.34,22.949,-279.297,36.133,31.738,-10.742
21:13:42,concentrating,0.996,1.0,0.33,0.33,0.34,58.594,-139.648,27.832,38.086,16.113
21:13:43,concentrating,0.994,1.0,0.33,0.33,0.34,16.602,137.695,22.949,19.043,22.949
21:13:44,concentrating,0.997,1.0,0.33,0.33,0.34,32.715,165.039,27.344,28.809,15.625
21:13:46,concentrating,0.997,1.0,0.33,0.33,0.34,39.551,9.277,36.621,33.691,8.789
21:13:47,concentrating,0.998,1.0,0.33,0.33,0.34,31.25,49.316,41.504,27.344,-5.859
21:13:48,concentrating,0.998,1.0,0.33,0.33,0.34,31.738,-55.176,35.156,36.621,54.199
21:13:49,concentrating,0.998,1.0,0.33,0.33,0.34,24.902,-3.906,25.879,12.207,6.348
21:13:51,concentrating,0.998,1.0,0.33,0.33,0.34,37.109,-59.57,36.133,49.316,15.625
21:13:52,concentrating,0.998,1.0,0.33,0.33,0.34,-0.488,62.988,21.484,35.645,-7.812
21:13:53,concentrating,0.996,1.0,0.33,0.33,0.34,55.176,-110.352,20.02,70.312,60.059
21:13:55,concentrating,0.997,1.0,0.33,0.33,0.34,37.109,187.988,38.574,49.805,49.316
21:13:56,concentrating,0.994,1.0,0.33,0.33,0.34,33.691,47.363,27.832,47.363,41.016
21:13:57,concentrating,0.996,1.0,0.33,0.33,0.34,18.066,-109.375,46.387,25.391,-6.348
21:13:58,concentrating,0.995,1.0,0.33,0.33,0.34,41.504,-35.156,26.855,20.996,20.02
21:13:59,concentrating,0.994,1.0,0.33,0.33,0.34,47.363,-231.934,40.039,13.184,28.809
21:14:01,concentrating,0.995,1.0,0.33,0.33,0.34,39.062,197.266,34.18,63.965,16.113
21:14:02,concentrating,0.993,1.0,0.33,0.33,0.34,41.016,-307.617,31.738,39.062,94.238
21:14:03,concentrating,0.992,1.0,0.33,0.33,0.34,47.363,238.281,32.715,47.363,25.879
21:14:04,concentrating,0.996,1.0,0.33,0.33,0.34,31.25,-203.613,34.668,26.855,-19.043
21:14:06,concentrating,0.994,1.0,0.33,0.33,0.34,29.297,65.918,37.598,24.414,39.062
21:14:07,concentrating,0.998,1.0,0.33,0.33,0.34,36.133,-169.922,35.645,29.297,-30.273
21:14:08,concentrating,0.997,1.0,0.33,0.33,0.34,21.484,219.238,25.391,18.066,56.641
21:14:10,concentrating,0.998,1.0,0.33,0.33,0.34,46.875,142.578,46.387,51.758,-23.438
21:14:11,concentrating,0.998,1.0,0.33,0.33,0.34,38.574,112.793,28.32,41.992,44.434
21:14:13,concentrating,0.998,1.0,0.33,0.33,0.34,53.223,139.648,45.898,55.664,29.297
21:14:14,concentrating,0.996,1.0,0.33,0.33,0.34,24.902,-151.367,24.414,29.785,18.555
21:14:15,concentrating,0.997,1.0,0.33,0.33,0.34,36.133,-278.32,41.504,15.137,-3.418
21:14:17,concentrating,0.997,1.0,0.33,0.33,0.34,41.504,-175.781,30.762,24.902,28.32
21:14:18,concentrating,0.997,1.0,0.33,0.33,0.34,52.734,174.805,34.18,44.922,45.41
21:14:19,concentrating,0.997,1.0,0.33,0.33,0.34,23.926,216.309,20.02,38.574,-1.465
21:14:20,concentrating,0.997,1.0,0.33,0.33,0.34,32.715,70.312,29.297,25.879,59.082
21:14:21,concentrating,0.998,1.0,0.33,0.33,0.34,49.316,-132.812,44.922,61.035,30.762
21:14:23,concentrating,0.997,1.0,0.33,0.33,0.34,-10.254,217.285,33.691,-8.301,63.965
21:14:24,concentrating,0.997,1.0,0.33,0.33,0.34,-18.555,-39.062,45.898,-19.531,15.137
21:14:25,concentrating,0.997,1.0,0.33,0.33,0.34,57.617,-189.941,35.645,44.922,17.578
21:14:26,concentrating,0.996,1.0,0.33,0.33,0.34,41.016,173.828,24.902,34.18,99.609
21:14:27,concentrating,0.995,1.0,0.33,0.33,0.34,41.504,48.828,42.969,63.477,67.871
21:14:28,concentrating,0.997,1.0,0.33,0.33,0.34,43.945,108.398,40.039,47.363,17.09
21:14:30,concentrating,0.997,1.0,0.33,0.33,0.34,36.621,213.379,32.227,35.645,31.738
21:14:31,concentrating,0.996,1.0,0.33,0.33,0.34,24.902,-316.406,30.273,8.301,22.461
21:14:32,concentrating,0.996,1.0,0.33,0.33,0.34,36.133,247.07,40.527,41.504,51.758
21:14:34,concentrating,0.995,1.0,0.33,0.33,0.34,41.016,155.762,29.297,40.527,22.461
21:14:35,concentrating,0.996,1.0,0.33,0.33,0.34,29.297,-89.844,40.039,41.992,-29.297
21:14:36,concentrating,0.997,1.0,0.33,0.33,0.34,5.371,78.613,34.18,-10.254,1.953
21:14:38,concentrating,0.996,1.0,0.33,0.33,0.34,38.574,68.359,40.039,29.297,14.648
21:14:39,concentrating,0.997,1.0,0.33,0.33,0.34,31.25,226.562,36.133,50.781,60.547
21:14:40,concentrating,0.996,1.0,0.33,0.33,0.34,44.434,272.949,26.367,53.223,50.293
21:14:42,concentrating,0.995,1.0,0.33,0.33,0.34,41.504,59.082,28.32,31.25,1.953
21:14:43,concentrating,0.993,1.0,0.33,0.33,0.34,46.875,125.977,44.434,33.691,57.617
21:14:44,concentrating,0.994,1.0,0.33,0.33,0.34,41.504,215.82,41.992,61.035,32.227
21:14:46,concentrating,0.994,1.0,0.33,0.33,0.34,27.832,298.828,36.133,41.504,20.508
21:14:47,concentrating,0.994,1.0,0.33,0.33,0.34,52.246,226.562,44.434,51.758,-4.883
21:14:48,concentrating,0.997,1.0,0.33,0.33,0.34,54.199,-181.641,51.27,52.734,24.902
21:14:50,concentrating,0.998,1.0,0.33,0.33,0.34,15.625,225.098,40.039,32.715,-6.836
21:14:51,concentrating,0.998,1.0,0.33,0.33,0.34,42.48,182.617,25.879,45.41,-18.066
21:14:53,concentrating,0.999,1.0,0.33,0.33,0.34,29.785,157.227,35.645,39.062,51.758
21:14:54,concentrating,0.998,1.0,0.33,0.33,0.34,36.621,-39.551,30.762,31.738,38.574
21:14:55,concentrating,0.999,1.0,0.33,0.33,0.34,36.621,225.586,32.227,35.156,34.668
21:14:56,concentrating,0.998,1.0,0.33,0.33,0.34,33.203,-2.93,23.438,24.902,51.27
21:14:57,concentrating,0.997,1.0,0.33,0.33,0.34,35.645,62.012,51.27,51.27,17.578
21:14:58,concentrating,0.997,1.0,0.33,0.33,0.34,32.715,-58.105,35.156,14.648,46.875
21:15:00,concentrating,0.996,1.0,0.33,0.33,0.34,32.715,216.797,20.508,44.922,13.672
21:15:01,concentrating,0.995,1.0,0.33,0.33,0.34,60.059,-151.855,44.434,41.016,113.281
21:15:02,concentrating,0.997,1.0,0.33,0.33,0.34,27.344,117.188,22.461,16.602,8.789
21:15:04,concentrating,0.998,1.0,0.33,0.33,0.34,30.273,75.195,44.922,45.41,51.758
21:15:05,concentrating,0.997,1.0,0.33,0.33,0.34,38.086,-143.066,18.555,31.738,63.965
21:15:06,concentrating,0.998,1.0,0.33,0.33,0.34,37.109,224.121,28.32,22.461,41.016
21:15:07,concentrating,0.998,1.0,0.33,0.33,0.34,39.551,19.531,56.152,42.969,9.277
21:15:08,concentrating,0.998,1.0,0.33,0.33,0.34,37.598,229.492,43.945,50.781,73.242
21:15:09,concentrating,0.998,1.0,0.33,0.33,0.34,26.367,-79.59,33.691,28.809,-18.066
21:15:11,concentrating,0.997,1.0,0.33,0.33,0.34,48.34,187.988,31.25,27.344,5.859
21:15:12,concentrating,0.998,1.0,0.33,0.33,0.34,27.832,245.605,39.551,17.09,6.836
21:15:13,concentrating,0.998,1.0,0.33,0.33,0.34,29.297,-13.672,41.016,23.926,72.754
21:15:14,concentrating,0.997,1.0,0.33,0.33,0.34,20.996,-158.203,23.438,37.109,68.359
21:15:15,concentrating,0.997,1.0,0.33,0.33,0.34,28.809,-20.996,43.945,43.945,21.484
21:15:17,concentrating,0.997,1.0,0.33,0.33,0.34,75.195,-41.992,14.648,59.57,-47.363
21:15:18,concentrating,0.995,1.0,0.33,0.33,0.34,57.129,187.988,27.832,59.082,-34.18
21:15:19,concentrating,0.994,1.0,0.33,0.33,0.34,46.387,328.613,34.668,40.039,80.078
21:15:20,concentrating,0.996,1.0,0.33,0.33,0.34,42.48,-221.191,42.969,49.316,-4.395
21:15:22,concentrating,0.996,1.0,0.33,0.33,0.34,26.367,-154.297,39.062,25.391,25.879
21:15:23,concentrating,0.997,1.0,0.33,0.33,0.34,13.672,-125.488,23.926,10.254,97.168
21:15:24,concentrating,0.997,1.0,0.33,0.33,0.34,37.109,-136.719,32.227,37.109,62.012
21:15:26,concentrating,0.997,1.0,0.33,0.33,0.34,37.109,20.508,35.645,41.504,-12.207
21:15:27,concentrating,0.998,1.0,0.33,0.33,0.34,40.039,188.965,30.762,29.785,-14.16
21:15:29,concentrating,0.998,1.0,0.33,0.33,0.34,45.41,215.82,39.062,53.711,42.969
21:15:30,concentrating,0.998,1.0,0.33,0.33,0.34,23.438,-28.32,38.086,27.344,66.406
21:15:31,concentrating,0.998,1.0,0.33,0.33,0.34,39.551,-454.59,41.016,27.344,10.254
21:15:33,concentrating,0.998,1.0,0.33,0.33,0.34,62.988,74.219,41.504,59.082,51.27
21:15:34,concentrating,0.999,1.0,0.33,0.33,0.34,39.062,39.062,23.438,42.48,38.086
21:15:35,concentrating,0.998,1.0,0.33,0.33,0.34,33.691,280.273,33.691,22.949,55.664
21:15:37,concentrating,0.998,1.0,0.33,0.33,0.34,26.855,111.816,34.668,27.832,45.898
21:15:38,concentrating,0.996,1.0,0.33,0.33,0.34,33.691,299.805,45.898,5.371,91.309
21:15:40,concentrating,0.995,1.0,0.33,0.33,0.34,27.832,-152.344,30.273,20.996,4.883
21:15:41,concentrating,0.994,1.0,0.33,0.33,0.34,32.227,326.172,33.691,36.133,47.363
21:15:42,concentrating,0.994,1.0,0.33,0.33,0.34,53.711,-249.512,39.551,49.316,30.273
21:15:44,concentrating,0.991,1.0,0.33,0.33,0.34,48.828,-338.379,35.156,32.227,17.09
21:15:45,concentrating,0.996,1.0,0.33,0.33,0.34,30.273,-12.207,28.809,21.484,7.324
21:15:46,concentrating,0.996,1.0,0.33,0.33,0.34,37.598,134.766,39.062,40.039,-7.324
21:15:47,concentrating,0.997,1.0,0.33,0.33,0.34,16.113,90.332,35.645,9.766,73.73
21:15:48,concentrating,0.998,1.0,0.33,0.33,0.34,31.738,143.555,17.09,21.973,86.914
21:15:49,concentrating,0.998,1.0,0.33,0.33,0.34,21.973,243.652,26.367,36.133,28.32
21:15:51,concentrating,0.996,1.0,0.33,0.33,0.34,38.574,249.023,43.457,33.691,52.246
21:15:52,concentrating,0.995,1.0,0.33,0.33,0.34,46.387,260.254,41.016,59.082,59.57
21:15:53,concentrating,0.995,1.0,0.33,0.33,0.34,54.199,75.684,29.297,49.805,54.199
21:15:54,concentrating,0.995,1.0,0.33,0.33,0.34,39.062,-34.668,44.922,48.828,116.699
21:15:56,concentrating,0.993,1.0,0.33,0.33,0.34,32.227,202.637,34.668,38.086,57.129
21:15:57,concentrating,0.994,1.0,0.33,0.33,0.34,32.715,39.551,33.691,42.969,6.348
21:15:58,concentrating,0.994,1.0,0.33,0.33,0.34,31.738,343.262,45.41,56.152,98.633
21:15:59,concentrating,0.995,1.0,0.33,0.33,0.34,29.297,123.047,21.973,34.668,44.434
21:16:00,concentrating,0.996,1.0,0.33,0.33,0.34,29.785,45.41,30.762,26.367,36.621
21:16:02,concentrating,0.993,1.0,0.33,0.33,0.34,24.902,-257.812,19.043,19.043,37.109
21:16:03,concentrating,0.996,1.0,0.33,0.33,0.34,49.805,-163.086,48.34,49.805,-23.926
21:16:04,concentrating,0.996,1.0,0.33,0.33,0.34,44.434,-128.906,39.551,29.785,69.824
21:16:06,concentrating,0.996,1.0,0.33,0.33,0.34,44.922,30.762,56.152,35.156,12.207
21:16:07,concentrating,0.997,1.0,0.33,0.33,0.34,18.555,204.59,39.062,41.992,78.125
21:16:08,concentrating,0.995,1.0,0.33,0.33,0.34,-70.312,-230.957,34.18,-65.918,18.066
21:16:10,concentrating,0.996,1.0,0.33,0.33,0.34,39.062,264.16,48.828,48.828,56.152
21:16:11,concentrating,0.996,1.0,0.33,0.33,0.34,18.555,-2.441,29.785,25.391,20.996
21:16:12,concentrating,0.995,1.0,0.33,0.33,0.34,24.902,-234.375,33.203,23.438,0.977
21:16:14,concentrating,0.996,1.0,0.33,0.33,0.34,44.922,203.613,37.598,30.273,23.438
21:16:15,concentrating,0.996,1.0,0.33,0.33,0.34,78.125,295.41,40.527,104.98,50.781
21:16:17,concentrating,0.994,1.0,0.33,0.33,0.34,44.434,62.5,41.504,30.273,20.996
21:16:18,concentrating,0.996,1.0,0.33,0.33,0.34,7.324,132.812,30.273,20.508,22.461
21:16:19,concentrating,0.996,1.0,0.33,0.33,0.34,9.277,15.137,16.602,4.395,31.25
21:16:20,concentrating,0.996,1.0,0.33,0.33,0.34,53.711,-145.996,26.367,18.555,51.27
21:16:22,concentrating,0.995,1.0,0.33,0.33,0.34,51.27,-208.984,32.227,22.949,63.965
21:16:23,concentrating,0.996,1.0,0.33,0.33,0.34,20.02,256.836,32.227,59.082,70.801
21:16:24,concentrating,0.996,1.0,0.33,0.33,0.34,21.484,217.773,26.855,35.645,36.621
21:16:25,concentrating,0.995,1.0,0.33,0.33,0.34,24.414,176.27,17.09,26.855,-11.719
21:16:26,concentrating,0.997,1.0,0.33,0.33,0.34,30.273,189.941,50.293,45.41,25.391
21:16:28,concentrating,0.996,1.0,0.33,0.33,0.34,43.457,-290.527,30.273,20.02,45.41
21:16:29,concentrating,0.996,1.0,0.33,0.33,0.34,26.855,207.031,22.461,14.16,25.391
21:16:30,concentrating,0.996,1.0,0.33,0.33,0.34,21.973,10.742,39.551,32.715,63.965
21:16:31,concentrating,0.995,1.0,0.33,0.33,0.34,29.785,-288.086,30.273,34.668,46.875
21:16:32,concentrating,0.995,1.0,0.33,0.33,0.34,30.273,0.0,25.391,57.617,59.082
21:16:34,concentrating,0.994,1.0,0.33,0.33,0.34,35.156,14.16,34.18,42.48,34.18
21:16:35,concentrating,0.994,1.0,0.33,0.33,0.34,38.574,270.996,34.668,33.203,62.988
21:16:36,concentrating,0.997,1.0,0.33,0.33,0.34,67.383,-131.348,36.133,74.219,61.035
21:16:38,concentrating,0.995,1.0,0.33,0.33,0.34,48.828,206.543,47.852,42.969,83.008
21:16:39,concentrating,0.997,1.0,0.33,0.33,0.34,23.926,-92.285,24.902,28.809,-1.465
21:16:40,concentrating,0.995,1.0,0.33,0.33,0.34,44.922,124.023,39.062,63.477,63.965
21:16:41,concentrating,0.997,1.0,0.33,0.33,0.34,38.086,-95.703,28.809,30.273,44.922
21:16:43,concentrating,0.996,1.0,0.33,0.33,0.34,37.598,-22.461,34.668,34.668,61.035
21:16:44,concentrating,0.997,1.0,0.33,0.33,0.34,39.062,-32.227,41.504,31.25,-47.363
21:16:45,concentrating,0.995,1.0,0.33,0.33,0.34,28.809,238.77,27.344,36.621,57.617
21:16:47,concentrating,0.995,1.0,0.33,0.33,0.34,31.25,72.754,38.086,15.137,7.324
21:16:48,concentrating,0.995,1.0,0.33,0.33,0.34,51.27,49.316,64.453,61.035,45.898
21:16:49,concentrating,0.995,1.0,0.33,0.33,0.34,42.48,-18.555,48.34,20.02,-62.012
21:16:51,concentrating,0.996,1.0,0.33,0.33,0.34,25.391,246.094,37.109,21.484,38.086
21:16:52,concentrating,0.996,1.0,0.33,0.33,0.34,35.645,26.855,24.414,25.391,17.578
21:16:53,concentrating,0.996,1.0,0.33,0.33,0.34,41.016,233.398,48.34,52.246,41.016
21:16:55,concentrating,0.995,1.0,0.33,0.33,0.34,62.988,268.555,36.621,56.641,27.832
21:16:56,concentrating,0.993,1.0,0.33,0.33,0.34,21.973,-302.246,20.996,18.066,49.805
21:16:57,concentrating,0.993,1.0,0.33,0.33,0.34,37.109,89.355,31.738,31.738,6.836
21:16:59,concentrating,0.99,1.0,0.33,0.33,0.34,25.391,64.453,44.434,42.969,7.812
21:17:00,concentrating,0.993,1.0,0.33,0.33,0.34,48.34,232.422,26.855,43.945,73.73
21:17:01,concentrating,0.995,1.0,0.33,0.33,0.34,28.32,223.145,40.039,31.738,65.918
21:17:03,concentrating,0.993,1.0,0.33,0.33,0.34,62.5,201.172,49.316,59.082,67.871
21:17:04,concentrating,0.992,1.0,0.33,0.33,0.34,14.648,52.734,26.855,9.766,62.5
21:17:06,concentrating,0.995,1.0,0.33,0.33,0.34,31.738,104.492,42.969,34.18,62.988
21:17:07,concentrating,0.994,1.0,0.33,0.33,0.34,29.785,-59.57,28.809,19.531,14.648
21:17:08,concentrating,0.995,1.0,0.33,0.33,0.34,-30.273,253.418,19.531,-6.836,62.5
21:17:10,concentrating,0.996,1.0,0.33,0.33,0.34,52.734,216.797,43.945,41.504,26.855
21:17:11,concentrating,0.995,1.0,0.33,0.33,0.34,43.457,300.781,37.598,39.062,110.352
21:17:13,concentrating,0.994,1.0,0.33,0.33,0.34,88.867,24.902,18.555,95.215,62.988
21:17:14,concentrating,0.995,1.0,0.33,0.33,0.34,56.152,31.25,38.574,68.359,58.594
21:17:15,concentrating,0.994,1.0,0.33,0.33,0.34,28.32,-80.566,42.969,38.086,62.5
21:17:17,concentrating,0.995,1.0,0.33,0.33,0.34,45.898,211.426,34.18,51.758,64.453
21:17:18,concentrating,0.995,1.0,0.33,0.33,0.34,22.949,-179.199,19.531,23.438,35.156
21:17:20,concentrating,0.994,1.0,0.33,0.33,0.34,3.418,13.672,17.578,13.184,-29.785
21:17:21,concentrating,0.992,1.0,0.33,0.33,0.34,29.297,246.582,40.527,35.156,20.996
21:17:22,concentrating,0.974,1.0,0.33,0.33,0.34,55.176,144.043,47.852,48.828,31.25
21:17:24,concentrating,0.978,1.0,0.33,0.33,0.34,37.598,41.504,21.973,23.926,-31.738
21:17:25,concentrating,0.98,1.0,0.33,0.33,0.34,36.621,94.727,30.762,36.133,17.578
21:17:27,concentrating,0.991,1.0,0.33,0.33,0.34,32.715,-161.621,36.133,24.414,5.371
21:17:28,concentrating,0.997,1.0,0.33,0.33,0.34,33.691,-27.832,33.691,43.457,-11.23
21:17:29,concentrating,0.996,1.0,0.33,0.33,0.34,47.363,89.844,32.715,48.828,14.648
21:17:31,concentrating,0.996,1.0,0.33,0.33,0.34,36.133,167.969,36.133,59.57,24.414
21:17:32,concentrating,0.997,1.0,0.33,0.33,0.34,34.18,283.691,24.902,23.926,47.852
21:17:33,concentrating,0.996,1.0,0.33,0.33,0.34,74.219,118.164,39.551,64.941,-19.531
21:17:34,concentrating,0.995,1.0,0.33,0.33,0.34,38.574,185.059,36.133,35.156,41.992
21:17:35,concentrating,0.996,1.0,0.33,0.33,0.34,32.227,-76.172,27.832,40.039,27.832
21:17:37,concentrating,0.994,1.0,0.33,0.33,0.34,42.969,-37.598,30.762,30.762,42.48
21:17:38,concentrating,0.996,1.0,0.33,0.33,0.34,42.48,150.391,27.832,46.387,-27.344
21:17:39,concentrating,0.996,1.0,0.33,0.33,0.34,24.902,240.723,28.809,23.926,-36.133
21:17:41,concentrating,0.995,1.0,0.33,0.33,0.34,40.527,125.488,23.438,10.742,34.668
21:17:42,concentrating,0.996,1.0,0.33,0.33,0.34,31.738,-147.949,41.992,21.973,1.465
21:17:43,concentrating,0.996,1.0,0.33,0.33,0.34,38.086,-41.016,28.32,12.207,21.484
21:17:45,concentrating,0.995,1.0,0.33,0.33,0.34,45.898,77.148,34.18,50.293,-33.203
21:17:46,concentrating,0.997,1.0,0.33,0.33,0.34,47.363,170.898,23.438,32.227,49.805
21:17:48,concentrating,0.997,1.0,0.33,0.33,0.34,36.133,290.527,35.645,32.715,28.32
21:17:49,concentrating,0.997,1.0,0.33,0.33,0.34,68.359,-333.496,26.855,74.219,41.016
21:17:50,concentrating,0.995,1.0,0.33,0.33,0.34,-20.996,123.535,6.836,-8.789,31.738
21:17:52,concentrating,0.995,1.0,0.33,0.33,0.34,18.066,35.156,40.039,0.977,22.461
21:17:53,concentrating,0.995,1.0,0.33,0.33,0.34,24.902,-64.941,24.414,25.879,16.602
21:17:55,concentrating,0.996,1.0,0.33,0.33,0.34,40.527,-33.203,45.898,44.434,-14.648
21:17:56,concentrating,0.997,1.0,0.33,0.33,0.34,42.48,-261.719,40.039,23.926,17.09
21:17:58,concentrating,0.997,1.0,0.33,0.33,0.34,28.809,215.332,32.227,27.344,56.152
21:17:59,concentrating,0.996,1.0,0.33,0.33,0.34,46.387,248.047,22.949,44.434,30.762
21:18:00,concentrating,0.999,1.0,0.33,0.33,0.34,25.879,-42.969,30.273,23.438,21.484
21:18:02,concentrating,0.997,1.0,0.33,0.33,0.34,33.691,-132.812,35.645,36.133,26.367
21:18:03,concentrating,0.996,1.0,0.33,0.33,0.34,-65.43,254.395,67.383,-70.312,-8.789
21:18:04,concentrating,0.997,1.0,0.33,0.33,0.34,62.988,274.902,41.504,55.664,-0.488
21:18:06,concentrating,0.997,1.0,0.33,0.33,0.34,39.062,40.527,31.25,32.715,39.551
21:18:07,concentrating,0.994,1.0,0.33,0.33,0.34,89.355,233.887,36.621,80.078,8.789
21:18:08,concentrating,0.996,1.0,0.33,0.33,0.34,2.441,-2.441,22.461,8.789,13.672
21:18:10,concentrating,0.997,1.0,0.33,0.33,0.34,37.109,-28.32,41.504,34.18,34.668
21:18:11,concentrating,0.997,1.0,0.33,0.33,0.34,44.922,-300.293,41.504,79.102,20.508
21:18:13,concentrating,0.996,1.0,0.33,0.33,0.34,18.555,178.711,39.062,33.203,64.941
21:18:14,concentrating,0.998,1.0,0.33,0.33,0.34,37.109,321.289,49.805,41.504,51.27
21:18:15,concentrating,0.996,1.0,0.33,0.33,0.34,51.27,101.074,49.805,56.641,13.672
21:18:17,concentrating,0.994,1.0,0.33,0.33,0.34,44.434,48.34,44.922,42.48,20.02
21:18:19,concentrating,0.997,1.0,0.33,0.33,0.34,35.645,-401.855,52.246,24.414,44.434
21:18:20,concentrating,0.997,1.0,0.33,0.33,0.34,15.625,166.016,29.785,29.785,-2.441
21:18:21,concentrating,0.994,1.0,0.33,0.33,0.34,4.395,-185.059,16.602,7.812,-40.039
21:18:23,concentrating,0.994,1.0,0.33,0.33,0.34,19.531,-167.48,25.391,11.719,0.977
21:18:24,concentrating,0.989,1.0,0.33,0.33,0.34,46.387,-296.875,35.645,33.691,59.57
21:18:26,concentrating,0.994,1.0,0.33,0.33,0.34,21.484,124.023,18.555,23.438,48.828
21:18:27,concentrating,0.996,1.0,0.33,0.33,0.34,73.242,95.215,7.812,56.152,47.852
21:18:29,concentrating,0.997,1.0,0.33,0.33,0.34,26.855,-184.57,42.48,49.805,33.203
21:18:30,concentrating,0.995,1.0,0.33,0.33,0.34,67.383,93.75,34.18,76.66,68.359
21:18:31,concentrating,0.997,1.0,0.33,0.33,0.34,82.52,-305.664,34.18,20.508,32.715
21:18:33,concentrating,0.997,1.0,0.33,0.33,0.34,43.945,132.324,29.297,17.09,-41.504
21:18:34,concentrating,0.997,1.0,0.33,0.33,0.34,78.613,115.234,32.715,65.918,-9.277
21:18:35,concentrating,0.995,1.0,0.33,0.33,0.34,29.785,-150.879,27.344,45.41,26.855
21:18:37,concentrating,0.998,1.0,0.33,0.33,0.34,41.016,-165.527,28.809,35.645,-2.441
21:18:38,concentrating,0.998,1.0,0.33,0.33,0.34,36.133,115.234,22.461,34.668,-3.418
21:18:40,concentrating,0.997,1.0,0.33,0.33,0.34,39.062,165.039,43.457,37.598,27.344
21:18:41,concentrating,0.998,1.0,0.33,0.33,0.34,20.02,82.52,32.715,32.227,9.277
21:18:43,concentrating,0.998,1.0,0.33,0.33,0.34,25.391,162.109,38.086,42.48,36.133
21:18:44,concentrating,0.997,1.0,0.33,0.33,0.34,33.203,109.375,42.48,35.156,15.625
21:18:45,concentrating,0.995,1.0,0.33,0.33,0.34,20.996,-165.527,48.828,27.832,41.992
21:18:47,concentrating,0.996,1.0,0.33,0.33,0.34,42.48,80.566,53.711,44.434,-10.742
21:18:48,concentrating,0.993,1.0,0.33,0.33,0.34,44.922,166.504,15.625,33.203,34.668
21:18:49,concentrating,0.995,1.0,0.33,0.33,0.34,28.809,-0.977,36.621,40.527,61.035
21:18:51,concentrating,0.995,1.0,0.33,0.33,0.34,33.203,114.746,25.391,23.438,68.359
21:18:52,concentrating,0.998,1.0,0.33,0.33,0.34,41.992,227.051,51.27,71.289,14.16
21:18:53,concentrating,0.998,1.0,0.33,0.33,0.34,44.922,-43.945,38.574,41.992,75.684
21:18:54,concentrating,0.998,1.0,0.33,0.33,0.34,38.086,49.805,39.062,41.504,19.531
21:18:56,concentrating,0.997,1.0,0.33,0.33,0.34,30.762,204.102,23.438,24.902,63.965
21:18:57,concentrating,0.996,1.0,0.33,0.33,0.34,34.668,-334.473,22.949,23.926,91.797
21:18:58,concentrating,0.995,1.0,0.33,0.33,0.34,1.953,126.465,32.227,8.301,20.508
21:19:00,concentrating,0.998,1.0,0.33,0.33,0.34,26.367,-376.953,35.645,22.949,-2.93
21:19:01,concentrating,0.998,1.0,0.33,0.33,0.34,46.875,-38.086,32.715,35.156,59.082
21:19:02,concentrating,0.997,1.0,0.33,0.33,0.34,41.504,-224.609,39.062,32.715,61.035
21:19:04,concentrating,0.998,1.0,0.33,0.33,0.34,23.438,226.074,19.043,33.203,16.602
21:19:05,concentrating,0.996,1.0,0.33,0.33,0.34,92.285,171.875,39.551,74.219,33.203
21:19:06,concentrating,0.997,1.0,0.33,0.33,0.34,39.551,-378.906,38.086,32.715,34.18
21:19:08,concentrating,0.998,1.0,0.33,0.33,0.34,28.809,125.488,28.809,21.484,57.129
21:19:09,concentrating,0.998,1.0,0.33,0.33,0.34,45.41,-166.504,26.855,46.387,10.742
21:19:10,concentrating,0.998,1.0,0.33,0.33,0.34,60.547,-137.207,35.645,61.523,32.715
21:19:12,concentrating,0.997,1.0,0.33,0.33,0.34,23.926,-366.699,21.973,30.273,56.152
21:19:13,concentrating,0.996,1.0,0.33,0.33,0.34,24.414,143.555,19.531,24.902,31.25
21:19:14,concentrating,0.998,1.0,0.33,0.33,0.34,30.762,114.258,11.719,21.973,-3.906
21:19:15,concentrating,0.996,1.0,0.33,0.33,0.34,26.855,-369.629,39.062,22.461,20.996
21:19:17,concentrating,0.996,1.0,0.33,0.33,0.34,57.129,202.148,63.477,49.316,38.574
21:19:18,concentrating,0.996,1.0,0.33,0.33,0.34,36.133,-169.434,38.086,23.926,40.039
21:19:19,concentrating,0.997,1.0,0.33,0.33,0.34,32.227,-114.258,18.066,35.645,27.832
21:19:20,concentrating,0.998,1.0,0.33,0.33,0.34,52.734,-19.043,31.738,32.715,90.82
21:19:22,concentrating,0.997,1.0,0.33,0.33,0.34,18.066,154.785,29.785,21.973,49.316
21:19:23,concentrating,0.996,1.0,0.33,0.33,0.34,33.203,108.398,25.391,48.828,10.742
21:19:24,concentrating,0.997,1.0,0.33,0.33,0.34,21.973,-121.094,25.391,16.113,22.949
21:19:25,concentrating,0.994,1.0,0.33,0.33,0.34,28.32,39.062,38.574,20.02,17.578
21:19:27,concentrating,0.994,1.0,0.33,0.33,0.34,37.109,30.762,45.41,51.758,-20.996
21:19:28,concentrating,0.993,1.0,0.33,0.33,0.34,29.297,241.699,39.062,42.48,62.012
21:19:30,concentrating,0.995,1.0,0.33,0.33,0.34,38.574,146.484,36.133,37.598,-1.953
21:19:31,concentrating,0.998,1.0,0.33,0.33,0.34,41.504,213.379,20.996,31.738,69.336
21:19:32,concentrating,0.998,1.0,0.33,0.33,0.34,-40.039,-192.383,74.707,-32.715,64.453
21:19:34,concentrating,0.998,1.0,0.33,0.33,0.34,40.527,-162.109,29.297,32.227,44.922
21:19:35,concentrating,0.998,1.0,0.33,0.33,0.34,33.203,-173.34,39.551,23.438,9.277
21:19:36,concentrating,0.997,1.0,0.33,0.33,0.34,34.668,51.27,41.016,44.434,31.738
21:19:37,concentrating,0.997,1.0,0.33,0.33,0.34,35.645,157.715,51.27,62.5,42.969
21:19:39,concentrating,0.998,1.0,0.33,0.33,0.34,41.016,136.719,41.504,39.551,31.25
21:19:40,concentrating,0.996,1.0,0.33,0.33,0.34,42.969,130.859,38.086,31.25,30.762
21:19:41,concentrating,0.997,1.0,0.33,0.33,0.34,46.387,201.172,37.598,38.086,34.668
21:19:42,concentrating,0.995,1.0,0.33,0.33,0.34,50.293,17.09,44.434,60.547,-17.578
21:19:43,concentrating,0.992,1.0,0.33,0.33,0.34,10.742,-304.199,13.184,28.809,7.324
21:19:45,concentrating,0.99,1.0,0.33,0.33,0.34,44.434,-147.949,49.805,36.133,30.762
21:19:46,concentrating,0.995,1.0,0.33,0.33,0.34,34.668,-274.902,41.504,21.973,-24.902
21:19:47,concentrating,0.996,1.0,0.33,0.33,0.34,23.926,215.82,24.902,23.926,46.875
21:19:49,concentrating,0.996,1.0,0.33,0.33,0.34,23.438,62.012,18.066,18.066,44.922
21:19:50,concentrating,0.997,1.0,0.33,0.33,0.34,36.133,-118.164,33.691,26.855,25.391
21:19:52,concentrating,0.995,1.0,0.33,0.33,0.34,42.969,264.648,21.484,53.223,25.391
21:19:53,concentrating,0.997,1.0,0.33,0.33,0.34,80.566,-274.902,36.621,59.082,52.734
21:19:54,concentrating,0.996,1.0,0.33,0.33,0.34,36.133,38.574,21.484,39.062,-18.555
21:19:56,concentrating,0.997,1.0,0.33,0.33,0.34,27.832,-20.508,30.762,22.461,72.266
21:19:57,concentrating,0.997,1.0,0.33,0.33,0.34,27.832,-153.32,40.527,20.508,-14.648
21:19:59,concentrating,0.997,1.0,0.33,0.33,0.34,59.57,333.984,44.434,42.48,47.852
21:20:00,concentrating,0.995,1.0,0.33,0.33,0.34,39.551,-435.059,37.598,21.973,28.809
21:20:01,concentrating,0.996,1.0,0.33,0.33,0.34,32.715,-972.168,42.969,5.859,-36.133
21:20:02,concentrating,0.98,1.0,0.33,0.33,0.34,24.902,162.109,36.621,34.18,-3.906
21:20:04,concentrating,0.927,1.0,0.33,0.33,0.34,18.066,-145.02,37.598,72.754,39.551
21:20:05,concentrating,0.921,1.0,0.33,0.33,0.34,13.184,-66.895,41.504,9.766,66.895
21:20:07,concentrating,0.971,1.0,0.33,0.33,0.34,15.625,104.98,37.109,40.039,34.668
21:20:08,concentrating,0.987,1.0,0.33,0.33,0.34,63.477,216.309,34.18,36.621,-0.977
21:20:09,concentrating,0.984,1.0,0.33,0.33,0.34,49.316,346.191,31.25,18.555,20.508
21:20:11,concentrating,0.993,1.0,0.33,0.33,0.34,-7.324,-326.66,41.992,18.066,14.16
21:20:12,concentrating,0.994,1.0,0.33,0.33,0.34,43.457,-129.395,27.344,-10.742,43.457
21:20:13,concentrating,0.996,1.0,0.33,0.33,0.34,54.199,81.543,27.832,25.879,36.621
21:20:15,concentrating,0.995,1.0,0.33,0.33,0.34,44.434,199.219,51.758,17.578,44.922
21:20:16,concentrating,0.996,1.0,0.33,0.33,0.34,92.773,-105.469,2.441,-4.883,39.551
21:20:17,concentrating,0.993,1.0,0.33,0.33,0.34,20.508,-387.207,29.297,28.32,-20.996
21:20:18,concentrating,0.978,1.0,0.33,0.33,0.34,184.082,-773.926,25.391,82.52,-20.508
21:20:20,concentrating,0.975,1.0,0.33,0.33,0.34,40.527,176.758,28.809,33.203,-47.852
21:20:21,concentrating,0.97,1.0,0.33,0.33,0.34,37.598,25.391,33.203,27.832,-1.953
21:20:22,concentrating,0.982,1.0,0.33,0.33,0.34,40.527,319.336,24.902,43.457,0.0
21:20:24,concentrating,0.993,1.0,0.33,0.33,0.34,13.672,-159.18,20.02,31.25,4.883
21:20:25,concentrating,0.996,1.0,0.33,0.33,0.34,42.969,-234.375,33.203,42.969,4.883
21:20:27,concentrating,0.975,1.0,0.33,0.33,0.34,58.105,132.324,38.086,69.336,55.664
21:20:28,concentrating,0.989,1.0,0.33,0.33,0.34,40.039,567.871,39.062,41.504,50.781
21:20:29,concentrating,0.985,1.0,0.33,0.33,0.34,56.641,233.398,24.414,-22.949,43.945
21:20:31,concentrating,0.984,1.0,0.33,0.33,0.34,49.805,-446.777,39.062,-19.043,4.883
21:20:32,concentrating,0.849,1.0,0.33,0.33,0.34,108.887,-526.367,-18.555,96.191,21.484
21:20:33,concentrating,0.753,1.0,0.33,0.33,0.34,88.379,940.43,24.902,50.293,-6.348
21:20:35,concentrating,0.745,1.0,0.33,0.33,0.34,16.602,-561.035,64.453,1.953,10.254
21:20:36,neutral,0.699,0.6,0.33,0.33,0.34,51.758,-817.383,20.508,211.914,41.016
21:20:37,neutral,0.747,0.6,0.33,0.33,0.34,-27.832,-1000.0,49.805,-155.273,21.973
21:20:39,concentrating,0.718,1.0,0.33,0.33,0.34,26.855,322.754,27.832,91.797,46.387
21:20:40,neutral,0.771,0.6,0.33,0.33,0.34,-14.648,-187.012,21.484,-53.223,80.078
21:20:41,concentrating,0.684,1.0,0.33,0.33,0.34,4.395,-859.863,30.273,-84.473,-34.18
21:20:42,concentrating,0.623,1.0,0.33,0.33,0.34,61.035,775.879,35.645,180.664,82.52
21:20:43,concentrating,0.678,1.0,0.33,0.33,0.34,71.289,-790.039,21.484,196.289,60.059
21:20:45,neutral,0.666,0.6,0.33,0.33,0.34,96.68,-773.926,31.738,236.816,80.078
21:20:46,neutral,0.702,0.6,0.33,0.33,0.34,11.23,-81.055,42.969,-2.93,42.48
21:20:47,concentrating,0.681,1.0,0.33,0.33,0.34,-1.953,-907.715,43.457,-98.145,22.949
21:20:48,neutral,0.685,0.6,0.33,0.33,0.34,3.418,-101.562,35.645,-23.438,55.664
21:20:49,concentrating,0.685,1.0,0.33,0.33,0.34,-16.113,-1000.0,39.062,-141.113,8.789
21:20:50,concentrating,0.669,1.0,0.33,0.33,0.34,66.895,758.301,24.414,163.574,116.211
21:20:51,concentrating,0.68,1.0,0.33,0.33,0.34,-17.578,-1000.0,51.27,-135.254,11.23
21:20:53,concentrating,0.669,1.0,0.33,0.33,0.34,40.039,-195.801,37.598,11.719,27.344
21:20:54,concentrating,0.683,1.0,0.33,0.33,0.34,42.969,181.641,39.551,44.922,64.453
21:20:55,concentrating,0.802,1.0,0.33,0.33,0.34,61.523,329.59,31.25,118.652,132.324
21:20:56,neutral,0.655,0.6,0.33,0.33,0.34,97.168,-812.012,34.18,228.027,38.574
21:20:58,concentrating,0.701,1.0,0.33,0.33,0.34,-68.848,-1000.0,61.523,-205.078,-64.453
21:20:59,concentrating,0.741,1.0,0.33,0.33,0.34,47.852,329.102,32.227,107.91,73.73
21:21:00,concentrating,0.7,1.0,0.33,0.33,0.34,-7.812,-321.777,36.621,-45.41,-4.395
21:21:01,concentrating,0.737,1.0,0.33,0.33,0.34,16.602,189.453,32.227,24.414,62.012
21:21:03,concentrating,0.786,1.0,0.33,0.33,0.34,59.57,-210.449,38.086,17.09,19.043
21:21:04,concentrating,0.732,1.0,0.33,0.33,0.34,-31.25,-1000.0,29.785,-165.527,-15.137
21:21:05,concentrating,0.65,1.0,0.33,0.33,0.34,-2.441,-979.004,35.645,-138.672,-26.855
21:21:06,concentrating,0.773,1.0,0.33,0.33,0.34,23.926,-363.77,29.785,-7.812,22.949
21:21:07,concentrating,0.648,1.0,0.33,0.33,0.34,46.387,308.594,24.414,104.492,21.484
21:21:09,concentrating,0.74,1.0,0.33,0.33,0.34,42.48,-157.227,22.949,35.156,57.617
21:21:10,concentrating,0.707,1.0,0.33,0.33,0.34,76.66,960.449,31.738,180.664,84.473
21:21:11,neutral,0.62,0.6,0.33,0.33,0.34,38.574,298.828,46.875,80.078,62.988
21:21:13,neutral,0.635,0.6,0.33,0.33,0.34,-10.254,-375.488,42.48,-67.383,13.184
21:21:14,neutral,0.764,0.6,0.33,0.33,0.34,29.785,146.484,41.992,15.625,90.82
21:21:15,neutral,0.646,0.6,0.33,0.33,0.34,109.375,-777.344,22.949,258.301,71.289
21:21:17,neutral,0.685,0.6,0.33,0.33,0.34,2.93,-293.457,31.25,-42.48,-44.434
21:21:18,concentrating,0.698,1.0,0.33,0.33,0.34,104.004,657.715,31.25,95.703,66.895
21:21:19,neutral,0.697,0.6,0.33,0.33,0.34,-34.18,-1000.0,25.879,-113.77,16.602
21:21:20,neutral,0.646,0.6,0.33,0.33,0.34,21.484,-498.535,41.016,-26.367,8.301
21:21:21,concentrating,0.684,1.0,0.33,0.33,0.34,-30.762,-982.422,36.133,-104.98,-18.066
21:21:23,neutral,0.66,0.6,0.33,0.33,0.34,81.055,-935.059,16.113,159.18,30.273
21:21:24,neutral,0.64,0.6,0.33,0.33,0.34,78.613,355.469,27.344,80.566,65.918
21:21:25,concentrating,0.605,1.0,0.33,0.33,0.34,29.297,-888.672,20.996,-41.016,-16.602
21:21:27,neutral,0.635,0.6,0.33,0.33,0.34,73.73,762.695,46.387,133.301,-14.16
21:21:28,neutral,0.669,0.6,0.33,0.33,0.34,94.238,841.309,23.438,154.297,71.289
21:21:29,neutral,0.651,0.6,0.33,0.33,0.34,49.316,102.051,27.344,62.012,78.125
21:21:31,neutral,0.637,0.6,0.33,0.33,0.34,35.156,-246.094,31.738,10.254,-4.883
21:21:32,neutral,0.734,0.6,0.33,0.33,0.34,0.488,85.938,52.734,-6.836,46.387
21:21:33,concentrating,0.631,1.0,0.33,0.33,0.34,104.492,290.527,19.531,121.094,24.902
21:21:34,neutral,0.729,0.6,0.33,0.33,0.34,92.285,957.031,45.41,176.27,53.223
21:21:35,neutral,0.773,0.6,0.33,0.33,0.34,75.195,482.91,25.391,110.352,1.465
21:21:37,neutral,0.695,0.6,0.33,0.33,0.34,59.57,944.824,14.16,173.828,77.148
21:21:38,neutral,0.669,0.6,0.33,0.33,0.34,-4.395,-833.496,37.109,-84.473,6.836
21:21:39,neutral,0.661,0.6,0.33,0.33,0.34,55.664,-914.062,7.812,135.742,58.594
21:21:40,concentrating,0.679,1.0,0.33,0.33,0.34,10.742,-793.945,21.484,-55.664,28.32
21:21:42,concentrating,0.71,1.0,0.33,0.33,0.34,114.746,-816.895,22.461,182.129,-4.883
21:21:43,concentrating,0.709,1.0,0.33,0.33,0.34,10.742,107.91,24.414,13.184,88.867
21:21:44,concentrating,0.686,1.0,0.33,0.33,0.34,191.895,-776.367,29.297,263.672,37.598
21:21:46,neutral,0.641,0.6,0.33,0.33,0.34,-28.809,-553.711,37.598,-59.082,13.672
21:21:47,neutral,0.705,0.6,0.33,0.33,0.34,1.953,132.812,39.551,18.066,-15.137
21:21:48,neutral,0.663,0.6,0.33,0.33,0.34,-16.602,-1000.0,37.598,-130.859,40.527
21:21:49,neutral,0.746,0.6,0.33,0.33,0.34,70.801,725.098,34.18,122.07,35.645
21:21:50,neutral,0.731,0.6,0.33,0.33,0.34,-7.812,-1000.0,37.598,-137.207,2.93
21:21:51,neutral,0.807,0.6,0.33,0.33,0.34,3.906,-621.582,38.574,-73.242,-6.348
21:21:53,neutral,0.693,0.6,0.33,0.33,0.34,21.484,631.348,36.621,137.207,43.457
21:21:54,neutral,0.654,0.6,0.33,0.33,0.34,91.309,799.316,26.367,145.996,108.398
21:21:55,neutral,0.74,0.6,0.33,0.33,0.34,79.102,-785.156,25.391,213.867,34.18
21:21:56,neutral,0.695,0.6,0.33,0.33,0.34,135.742,-779.785,15.137,248.047,42.969
21:21:58,neutral,0.709,0.6,0.33,0.33,0.34,21.484,65.918,40.527,9.766,-7.812
21:21:59,neutral,0.605,0.6,0.33,0.33,0.34,-45.41,-1000.0,30.762,-126.953,-14.16
21:22:00,neutral,0.63,0.6,0.33,0.33,0.34,-5.859,-1000.0,49.316,-136.719,-51.27
21:22:01,concentrating,0.628,1.0,0.33,0.33,0.34,97.168,-774.902,30.762,221.68,55.176
21:22:02,concentrating,0.731,1.0,0.33,0.33,0.34,-34.668,-1000.0,46.875,-153.809,-17.578
21:22:04,concentrating,0.736,1.0,0.33,0.33,0.34,60.059,212.402,27.832,105.957,25.879
21:22:05,concentrating,0.683,1.0,0.33,0.33,0.34,49.316,-200.195,28.32,19.531,47.852
21:22:06,concentrating,0.728,1.0,0.33,0.33,0.34,-35.645,-1000.0,29.785,-140.137,-19.043
21:22:07,concentrating,0.746,1.0,0.33,0.33,0.34,-4.883,-649.902,42.48,-73.242,-45.41
21:22:08,concentrating,0.768,1.0,0.33,0.33,0.34,8.301,-538.574,24.414,-79.59,74.707
21:22:10,concentrating,0.858,1.0,0.33,0.33,0.34,68.359,-30.762,20.508,65.43,12.695
21:22:11,concentrating,0.868,1.0,0.33,0.33,0.34,-6.836,-567.871,30.762,-72.754,-59.57
21:22:12,concentrating,0.817,1.0,0.33,0.33,0.34,49.805,-265.137,24.902,0.488,59.57
21:22:13,concentrating,0.73,1.0,0.33,0.33,0.34,20.996,283.203,8.789,58.594,59.57
21:22:15,concentrating,0.732,1.0,0.33,0.33,0.34,-10.742,-1000.0,42.969,-144.043,-73.242
21:22:16,concentrating,0.778,1.0,0.33,0.33,0.34,-13.672,-1000.0,33.691,-165.527,50.781
21:22:17,concentrating,0.803,1.0,0.33,0.33,0.34,67.871,186.035,24.902,101.562,62.012
21:22:18,concentrating,0.733,1.0,0.33,0.33,0.34,1.953,-1000.0,45.898,-147.949,-41.504
21:22:19,concentrating,0.698,1.0,0.33,0.33,0.34,48.828,347.656,48.828,119.629,35.645
21:22:20,concentrating,0.636,1.0,0.33,0.33,0.34,25.879,-334.961,45.898,-16.602,1.953
21:22:21,concentrating,0.767,1.0,0.33,0.33,0.34,6.836,-577.148,34.18,-66.406,22.949
21:22:23,concentrating,0.696,1.0,0.33,0.33,0.34,-5.371,-641.602,37.598,-85.449,16.602
21:22:24,neutral,0.658,0.6,0.33,0.33,0.34,73.242,715.82,17.09,146.973,63.477
21:22:25,concentrating,0.801,1.0,0.33,0.33,0.34,62.5,254.395,26.855,94.727,104.004
21:22:26,neutral,0.692,0.6,0.33,0.33,0.34,17.578,-334.961,13.672,-38.086,-27.832
21:22:27,neutral,0.799,0.6,0.33,0.33,0.34,34.668,66.406,24.902,-1.953,-15.137
21:22:29,concentrating,0.833,1.0,0.33,0.33,0.34,-27.832,-1000.0,31.738,-152.832,-14.648
21:22:30,concentrating,0.768,1.0,0.33,0.33,0.34,-24.902,-1000.0,24.902,-154.297,-19.043
21:22:31,concentrating,0.766,1.0,0.33,0.33,0.34,72.754,864.746,19.531,154.785,89.844
21:22:32,concentrating,0.662,1.0,0.33,0.33,0.34,77.148,194.336,36.133,104.98,29.785
21:22:33,concentrating,0.704,1.0,0.33,0.33,0.34,-19.531,-1000.0,40.039,-173.34,20.508
21:22:35,neutral,0.676,0.6,0.33,0.33,0.34,11.719,-763.184,40.527,-88.867,10.254
21:22:36,concentrating,0.708,1.0,0.33,0.33,0.34,86.914,-800.293,22.461,220.703,37.109
21:22:37,concentrating,0.7,1.0,0.33,0.33,0.34,26.855,130.371,33.691,-5.859,20.996
21:22:38,concentrating,0.732,1.0,0.33,0.33,0.34,35.645,-91.309,34.18,47.852,58.594
21:22:39,concentrating,0.735,1.0,0.33,0.33,0.34,8.789,-610.352,43.945,-81.543,40.527
21:22:40,concentrating,0.764,1.0,0.33,0.33,0.34,64.453,496.582,37.109,147.949,98.145
21:22:42,concentrating,0.736,1.0,0.33,0.33,0.34,78.613,-923.34,20.996,195.801,77.148
21:22:43,concentrating,0.84,1.0,0.33,0.33,0.34,73.242,488.77,47.363,108.398,1.465
21:22:44,concentrating,0.739,1.0,0.33,0.33,0.34,103.516,-788.086,26.367,202.637,46.875
21:22:45,neutral,0.605,0.6,0.33,0.33,0.34,14.648,105.469,34.18,15.137,79.59
21:22:46,concentrating,0.638,1.0,0.33,0.33,0.34,-17.578,-942.871,40.527,-85.449,-36.133
21:22:48,neutral,0.672,0.6,0.33,0.33,0.34,73.73,890.137,35.156,149.902,45.898
21:22:49,neutral,0.737,0.6,0.33,0.33,0.34,66.406,194.824,26.855,78.613,-47.363
21:22:50,concentrating,0.696,1.0,0.33,0.33,0.34,103.027,-768.066,31.25,216.309,88.867
21:22:52,neutral,0.827,0.6,0.33,0.33,0.34,-18.555,-1000.0,48.34,-123.047,-31.738
21:22:53,concentrating,0.697,1.0,0.33,0.33,0.34,7.324,-3.418,31.25,4.883,23.438
21:22:54,concentrating,0.784,1.0,0.33,0.33,0.34,102.051,-780.273,41.992,193.848,108.887
21:22:55,concentrating,0.688,1.0,0.33,0.33,0.34,-41.016,-1000.0,23.438,-138.184,-16.113
21:22:57,neutral,0.721,0.6,0.33,0.33,0.34,50.781,94.238,41.504,14.16,53.223
21:22:58,neutral,0.676,0.6,0.33,0.33,0.34,62.988,-46.875,27.832,63.477,15.137
21:22:59,neutral,0.695,0.6,0.33,0.33,0.34,28.809,-1000.0,33.691,-145.996,-12.695
21:23:00,neutral,0.671,0.6,0.33,0.33,0.34,42.969,527.344,35.645,135.254,25.391
21:23:02,neutral,0.773,0.6,0.33,0.33,0.34,41.992,-0.977,28.809,82.52,38.086
21:23:03,neutral,0.704,0.6,0.33,0.33,0.34,30.762,-637.695,49.805,-84.473,-41.504
21:23:04,neutral,0.694,0.6,0.33,0.33,0.34,47.363,940.43,25.879,167.48,68.359
21:23:06,neutral,0.661,0.6,0.33,0.33,0.34,18.555,-1000.0,55.664,-142.09,18.555
21:23:07,neutral,0.624,0.6,0.33,0.33,0.34,3.906,-1000.0,45.41,-162.109,-56.152
21:23:08,concentrating,0.662,1.0,0.33,0.33,0.34,11.719,-1000.0,42.48,-116.211,30.273
21:23:10,concentrating,0.654,1.0,0.33,0.33,0.34,36.133,-1000.0,57.129,-134.277,-54.199
21:23:11,concentrating,0.679,1.0,0.33,0.33,0.34,63.477,-428.711,36.621,4.395,39.062
21:23:12,concentrating,0.609,1.0,0.33,0.33,0.34,29.785,-478.516,44.922,-20.996,16.113
21:23:14,neutral,0.678,0.6,0.33,0.33,0.34,20.508,-853.516,52.734,-109.375,-20.02
21:23:15,concentrating,0.721,1.0,0.33,0.33,0.34,999.512,791.016,42.48,153.32,51.758
21:23:16,concentrating,0.715,1.0,0.33,0.33,0.34,293.945,-1000.0,36.621,-151.367,-57.129
21:23:17,concentrating,0.81,1.0,0.33,0.33,0.34,-213.379,-764.648,22.949,227.051,109.863
21:23:19,concentrating,0.865,1.0,0.33,0.33,0.34,47.363,-554.688,43.457,-67.871,27.832
21:23:20,concentrating,0.876,1.0,0.33,0.33,0.34,71.777,-916.504,25.879,231.934,7.812
21:23:21,concentrating,0.682,1.0,0.33,0.33,0.34,28.809,-967.285,15.625,-143.066,29.785
21:23:22,concentrating,0.703,1.0,0.33,0.33,0.34,47.363,981.934,25.879,199.707,105.957
21:23:23,neutral,0.648,0.6,0.33,0.33,0.34,50.293,-792.969,36.133,221.68,112.793
21:23:25,neutral,0.672,0.6,0.33,0.33,0.34,49.316,-763.672,50.293,-92.773,33.203
21:23:27,neutral,0.691,0.6,0.33,0.33,0.34,26.367,-827.148,39.062,-104.98,-11.719
21:23:28,neutral,0.762,0.6,0.33,0.33,0.34,72.754,476.074,55.176,110.84,64.453
21:23:29,concentrating,0.753,1.0,0.33,0.33,0.34,31.738,479.492,27.832,100.586,95.703
21:23:31,neutral,0.741,0.6,0.33,0.33,0.34,41.016,-157.227,34.18,38.574,46.387
21:23:32,neutral,0.695,0.6,0.33,0.33,0.34,35.156,-960.449,40.527,211.914,42.969
21:23:33,neutral,0.645,0.6,0.33,0.33,0.34,58.105,-778.809,35.645,232.91,79.102
21:23:34,neutral,0.653,0.6,0.33,0.33,0.34,20.508,-1000.0,21.973,-135.254,35.156
21:23:36,neutral,0.694,0.6,0.33,0.33,0.34,29.297,-516.602,31.25,-80.078,63.965
21:23:37,neutral,0.758,0.6,0.33,0.33,0.34,31.738,689.453,41.016,178.711,64.941
21:23:38,neutral,0.695,0.6,0.33,0.33,0.34,46.875,-1000.0,42.48,-150.391,-25.391
21:23:40,neutral,0.732,0.6,0.33,0.33,0.34,23.438,-702.637,28.809,-68.359,45.898
21:23:41,neutral,0.811,0.6,0.33,0.33,0.34,22.949,-998.047,21.484,-136.719,-53.711
21:23:42,neutral,0.802,0.6,0.33,0.33,0.34,48.828,-98.633,37.109,72.266,40.527
21:23:44,neutral,0.762,0.6,0.33,0.33,0.34,31.25,-1000.0,27.832,-156.25,-63.477
21:23:45,neutral,0.765,0.6,0.33,0.33,0.34,56.641,-1000.0,37.598,-145.508,0.488
21:23:46,neutral,0.671,0.6,0.33,0.33,0.34,54.688,275.879,28.809,93.262,38.574
21:23:48,neutral,0.664,0.6,0.33,0.33,0.34,31.738,-532.227,30.273,-69.336,-18.555
21:23:49,neutral,0.65,0.6,0.33,0.33,0.34,31.25,-914.062,44.434,184.082,89.355
21:23:50,neutral,0.695,0.6,0.33,0.33,0.34,48.828,-646.484,38.574,-69.824,50.293
21:23:51,concentrating,0.727,1.0,0.33,0.33,0.34,19.043,-336.426,28.809,-48.828,-20.02
21:23:52,neutral,0.789,0.6,0.33,0.33,0.34,24.414,-767.09,28.809,266.602,54.688
21:23:53,neutral,0.729,0.6,0.33,0.33,0.34,15.137,-1000.0,11.23,-135.254,16.113
21:23:54,neutral,0.704,0.6,0.33,0.33,0.34,90.82,499.512,-39.551,189.941,68.359
21:23:56,neutral,0.712,0.6,0.33,0.33,0.34,80.078,650.391,-268.066,173.34,64.941
21:23:57,neutral,0.752,0.6,0.33,0.33,0.34,31.25,-22.461,-5.859,64.453,39.551
21:23:58,neutral,0.733,0.6,0.33,0.33,0.34,42.48,71.289,23.926,31.25,18.066
21:23:59,neutral,0.734,0.6,0.33,0.33,0.34,22.461,-67.871,-0.977,59.57,12.695
21:24:00,neutral,0.667,0.6,0.33,0.33,0.34,61.523,-903.809,14.16,218.75,51.27
21:24:01,neutral,0.791,0.6,0.33,0.33,0.34,79.102,-113.77,29.297,94.727,-42.48
21:24:03,neutral,0.696,0.6,0.33,0.33,0.34,-23.926,-1000.0,39.062,-160.156,7.324
21:24:04,neutral,0.701,0.6,0.33,0.33,0.34,151.367,-767.09,13.672,268.066,71.777
21:24:05,neutral,0.705,0.6,0.33,0.33,0.34,-40.039,-1000.0,30.273,-162.109,-7.324
21:24:06,concentrating,0.639,1.0,0.33,0.33,0.34,28.809,-764.16,21.973,132.324,90.82
21:24:07,neutral,0.669,0.6,0.33,0.33,0.34,29.297,-382.812,11.23,-42.48,59.57
21:24:08,neutral,0.667,0.6,0.33,0.33,0.34,4.883,-1000.0,22.949,-132.324,-10.742
21:24:10,concentrating,0.661,1.0,0.33,0.33,0.34,69.336,-851.562,-1.465,208.984,71.289
21:24:11,concentrating,0.79,1.0,0.33,0.33,0.34,85.938,-785.156,34.18,241.699,37.109
21:24:12,concentrating,0.725,1.0,0.33,0.33,0.34,5.859,-529.785,34.668,-79.102,45.41
21:24:13,concentrating,0.73,1.0,0.33,0.33,0.34,19.531,-684.57,29.785,-76.172,-39.062
21:24:14,concentrating,0.718,1.0,0.33,0.33,0.34,-9.277,-1000.0,33.203,-163.086,-3.906
21:24:15,neutral,0.703,0.6,0.33,0.33,0.34,77.637,862.793,26.367,199.707,59.57
21:24:17,neutral,0.723,0.6,0.33,0.33,0.34,-12.695,-1000.0,28.809,-176.758,21.484
21:24:18,concentrating,0.709,1.0,0.33,0.33,0.34,71.289,-777.832,33.203,237.305,88.867
21:24:19,neutral,0.728,0.6,0.33,0.33,0.34,9.766,-1000.0,21.484,-189.941,-7.812
21:24:20,concentrating,0.647,1.0,0.33,0.33,0.34,26.855,282.715,37.109,86.914,50.293
21:24:21,neutral,0.683,0.6,0.33,0.33,0.34,71.777,-245.605,32.227,7.812,-26.855
21:24:22,concentrating,0.641,1.0,0.33,0.33,0.34,154.785,-770.996,13.184,322.266,116.699
21:24:23,concentrating,0.573,1.0,0.33,0.33,0.34,17.578,-1000.0,32.715,-171.387,-1.953
21:24:24,neutral,0.58,0.6,0.33,0.33,0.34,74.707,-770.996,32.715,248.535,40.527
21:24:25,concentrating,0.652,1.0,0.33,0.33,0.34,-20.508,-1000.0,31.25,-182.129,17.578
21:24:27,neutral,0.612,0.6,0.33,0.33,0.34,46.387,426.758,24.414,126.953,63.965
21:24:28,concentrating,0.742,1.0,0.33,0.33,0.34,0.488,-1000.0,32.715,-177.734,6.836
21:24:29,concentrating,0.718,1.0,0.33,0.33,0.34,37.109,-32.227,24.902,62.988,88.867
21:24:30,relaxed,0.744,0.3,0.33,0.33,0.34,-5.859,-481.445,20.508,-64.453,2.93
21:24:31,concentrating,0.599,1.0,0.33,0.33,0.34,29.297,421.387,27.832,120.117,81.055
21:24:32,neutral,0.691,0.6,0.33,0.33,0.34,19.043,-550.293,28.32,-48.828,14.16
21:24:33,concentrating,0.629,1.0,0.33,0.33,0.34,14.648,-1000.0,31.738,-131.836,12.207
21:24:35,concentrating,0.605,1.0,0.33,0.33,0.34,36.133,-1000.0,26.855,-115.723,-36.133
21:24:36,concentrating,0.65,1.0,0.33,0.33,0.34,35.156,86.914,26.367,110.352,38.086
21:24:37,neutral,0.569,0.6,0.33,0.33,0.34,-31.738,-1000.0,34.668,-126.953,-24.902
21:24:38,neutral,0.613,0.6,0.33,0.33,0.34,73.242,-821.289,29.297,249.512,65.918
21:24:39,neutral,0.638,0.6,0.33,0.33,0.34,-4.395,-473.145,27.344,-75.195,11.23
21:24:41,concentrating,0.603,1.0,0.33,0.33,0.34,33.691,241.699,17.09,58.594,28.32
21:24:42,concentrating,0.709,1.0,0.33,0.33,0.34,48.34,-118.164,23.438,46.875,58.105
21:24:43,neutral,0.645,0.6,0.33,0.33,0.34,20.02,30.273,38.086,5.859,39.062
21:24:44,concentrating,0.689,1.0,0.33,0.33,0.34,84.961,-768.066,28.809,261.23,64.941
21:24:45,concentrating,0.696,1.0,0.33,0.33,0.34,38.086,-416.992,36.133,-7.324,28.809
21:24:46,neutral,0.798,0.6,0.33,0.33,0.34,76.172,668.945,32.715,170.41,24.414
21:24:47,concentrating,0.672,1.0,0.33,0.33,0.34,83.984,-774.414,28.32,244.629,72.754
21:24:49,neutral,0.676,0.6,0.33,0.33,0.34,0.488,-498.535,32.715,-70.801,23.438
21:24:50,concentrating,0.693,1.0,0.33,0.33,0.34,82.52,794.922,57.617,198.242,10.742
21:24:51,neutral,0.693,0.6,0.33,0.33,0.34,51.758,422.363,27.832,137.207,39.062
21:24:52,neutral,0.746,0.6,0.33,0.33,0.34,47.852,82.52,37.598,84.961,54.688
21:24:54,neutral,0.809,0.6,0.33,0.33,0.34,91.797,-885.254,30.273,246.094,49.805
21:24:55,neutral,0.729,0.6,0.33,0.33,0.34,24.902,-772.949,45.898,197.266,77.637
21:24:56,neutral,0.749,0.6,0.33,0.33,0.34,-93.262,-1000.0,65.918,-228.516,39.551
21:24:58,neutral,0.753,0.6,0.33,0.33,0.34,-9.277,-1000.0,36.621,-182.617,-34.18
21:24:59,neutral,0.785,0.6,0.33,0.33,0.34,-17.09,-1000.0,39.551,-170.898,-35.156
21:25:00,neutral,0.677,0.6,0.33,0.33,0.34,20.996,-953.125,33.203,-105.957,-3.906
21:25:01,neutral,0.623,0.6,0.33,0.33,0.34,69.824,962.402,44.922,189.941,84.961
21:25:02,neutral,0.787,0.6,0.33,0.33,0.34,-4.883,-1000.0,38.086,-157.715,0.488
21:25:04,neutral,0.751,0.6,0.33,0.33,0.34,-17.09,-1000.0,34.668,-165.039,-20.02
21:25:05,neutral,0.718,0.6,0.33,0.33,0.34,26.367,-418.457,31.738,-51.758,23.926
21:25:06,neutral,0.663,0.6,0.33,0.33,0.34,80.078,-782.227,47.852,251.953,62.988
21:25:07,neutral,0.631,0.6,0.33,0.33,0.34,77.637,-872.559,32.715,226.074,102.051
21:25:09,neutral,0.692,0.6,0.33,0.33,0.34,24.902,-393.066,32.227,-37.109,2.93
21:25:10,neutral,0.646,0.6,0.33,0.33,0.34,76.172,-814.453,23.926,242.188,83.496
21:25:11,neutral,0.733,0.6,0.33,0.33,0.34,88.867,458.008,29.785,150.879,88.379
21:25:13,neutral,0.696,0.6,0.33,0.33,0.34,64.453,954.59,23.926,192.871,45.41
21:25:14,neutral,0.707,0.6,0.33,0.33,0.34,-28.32,-1000.0,27.832,-166.016,-6.348
21:25:15,neutral,0.746,0.6,0.33,0.33,0.34,17.09,55.176,29.785,8.301,6.348
21:25:16,concentrating,0.73,1.0,0.33,0.33,0.34,34.668,344.238,29.785,72.266,60.059
21:25:17,concentrating,0.746,1.0,0.33,0.33,0.34,-4.883,-1000.0,38.574,-160.156,-15.137
21:25:18,concentrating,0.73,1.0,0.33,0.33,0.34,3.906,-907.715,27.832,-113.281,-45.41
21:25:20,concentrating,0.724,1.0,0.33,0.33,0.34,38.574,-268.066,21.973,-14.648,55.664
21:25:21,neutral,0.705,0.6,0.33,0.33,0.34,41.016,345.703,41.016,87.402,24.902
21:25:22,neutral,0.585,0.6,0.33,0.33,0.34,-11.23,-1000.0,28.809,-181.641,27.832
21:25:23,concentrating,0.68,1.0,0.33,0.33,0.34,33.203,-79.102,22.949,60.547,35.645
21:25:25,concentrating,0.695,1.0,0.33,0.33,0.34,23.438,-293.945,39.551,-21.973,-18.555
21:25:26,neutral,0.619,0.6,0.33,0.33,0.34,78.613,-846.191,36.621,225.586,66.406
21:25:27,neutral,0.672,0.6,0.33,0.33,0.34,78.613,431.641,31.738,145.02,17.09
21:25:28,neutral,0.603,0.6,0.33,0.33,0.34,-22.461,-1000.0,39.062,-176.27,6.348
21:25:29,neutral,0.69,0.6,0.33,0.33,0.34,-13.184,-934.082,35.645,-135.254,-22.949
21:25:30,neutral,0.592,0.6,0.33,0.33,0.34,-18.066,-1000.0,32.227,-174.805,21.484
21:25:32,concentrating,0.75,1.0,0.33,0.33,0.34,36.133,33.691,20.996,71.289,28.809
21:25:33,concentrating,0.758,1.0,0.33,0.33,0.34,33.203,-286.133,35.156,0.977,48.34
21:25:34,concentrating,0.783,1.0,0.33,0.33,0.34,91.797,-773.438,27.344,254.883,96.68
21:25:36,concentrating,0.809,1.0,0.33,0.33,0.34,-53.711,56.641,41.504,-24.414,70.801
21:25:37,neutral,0.749,0.6,0.33,0.33,0.34,40.527,441.895,31.738,126.953,23.438
21:25:38,neutral,0.769,0.6,0.33,0.33,0.34,84.961,824.707,42.969,206.543,86.914
21:25:39,neutral,0.634,0.6,0.33,0.33,0.34,80.566,-980.957,41.504,211.426,48.828
21:25:41,neutral,0.753,0.6,0.33,0.33,0.34,-22.461,-1000.0,31.25,-166.016,-23.438
21:25:42,concentrating,0.718,1.0,0.33,0.33,0.34,60.547,470.703,41.016,119.141,25.879
21:25:43,neutral,0.862,0.6,0.33,0.33,0.34,24.902,-231.445,33.203,-21.973,-14.648
21:25:45,concentrating,0.709,1.0,0.33,0.33,0.34,-32.715,-1000.0,25.391,-189.941,49.805
21:25:46,concentrating,0.725,1.0,0.33,0.33,0.34,-11.23,-1000.0,39.062,-191.895,-15.625
21:25:47,neutral,0.848,0.6,0.33,0.33,0.34,59.57,68.359,44.922,94.238,22.949
21:25:48,concentrating,0.818,1.0,0.33,0.33,0.34,28.809,-1000.0,41.016,-134.277,16.113
21:25:50,concentrating,0.745,1.0,0.33,0.33,0.34,49.316,713.379,26.367,168.457,51.27
21:25:51,concentrating,0.736,1.0,0.33,0.33,0.34,74.219,-944.336,35.645,202.148,99.609
21:25:52,neutral,0.789,0.6,0.33,0.33,0.34,60.547,264.16,28.809,72.754,72.266
21:25:53,concentrating,0.73,1.0,0.33,0.33,0.34,-51.758,551.27,75.684,62.988,11.719
21:25:54,concentrating,0.803,1.0,0.33,0.33,0.34,65.43,466.797,26.855,147.949,22.949
21:25:56,neutral,0.815,0.6,0.33,0.33,0.34,97.656,-769.531,33.691,262.207,71.289
21:25:57,neutral,0.714,0.6,0.33,0.33,0.34,79.59,-828.613,40.039,226.562,26.367
21:25:58,neutral,0.745,0.6,0.33,0.33,0.34,80.566,730.957,48.34,190.918,76.66
21:25:59,concentrating,0.824,1.0,0.33,0.33,0.34,-10.742,-885.254,33.203,-144.531,30.762
21:26:00,concentrating,0.766,1.0,0.33,0.33,0.34,75.684,877.93,28.809,205.078,65.43
21:26:01,neutral,0.709,0.6,0.33,0.33,0.34,33.203,332.52,35.156,91.309,106.934
21:26:03,neutral,0.628,0.6,0.33,0.33,0.34,70.312,935.547,45.41,208.496,16.602
21:26:04,concentrating,0.655,1.0,0.33,0.33,0.34,35.156,312.988,30.273,61.523,57.617
21:26:05,concentrating,0.66,1.0,0.33,0.33,0.34,0.488,-1000.0,43.945,-177.246,-23.926
21:26:06,concentrating,0.621,1.0,0.33,0.33,0.34,-15.137,-1000.0,41.992,-177.734,45.41
21:26:08,neutral,0.698,0.6,0.33,0.33,0.34,41.504,-110.84,36.133,38.574,27.344
21:26:09,concentrating,0.707,1.0,0.33,0.33,0.34,7.324,-231.934,27.832,-51.758,20.02
21:26:10,concentrating,0.644,1.0,0.33,0.33,0.34,63.965,-809.57,40.039,246.094,80.566
21:26:11,concentrating,0.709,1.0,0.33,0.33,0.34,38.574,156.738,32.715,76.172,91.797
21:26:13,concentrating,0.744,1.0,0.33,0.33,0.34,68.848,-853.027,39.551,221.68,24.414
21:26:14,concentrating,0.732,1.0,0.33,0.33,0.34,70.312,590.82,20.996,137.695,41.992
21:26:15,concentrating,0.673,1.0,0.33,0.33,0.34,0.0,-1000.0,47.852,-127.93,-85.449
21:26:17,concentrating,0.762,1.0,0.33,0.33,0.34,-60.059,-1000.0,30.273,-197.266,-8.789
21:26:18,concentrating,0.739,1.0,0.33,0.33,0.34,31.25,86.914,36.133,4.883,29.785
21:26:19,neutral,0.747,0.6,0.33,0.33,0.34,40.039,122.559,42.48,30.762,124.023
21:26:20,neutral,0.732,0.6,0.33,0.33,0.34,-12.207,-1000.0,33.203,-155.762,-6.348
21:26:22,concentrating,0.698,1.0,0.33,0.33,0.34,71.777,-875.977,12.207,217.773,72.266
21:26:23,concentrating,0.758,1.0,0.33,0.33,0.34,108.887,419.922,19.043,185.547,48.34
21:26:24,neutral,0.752,0.6,0.33,0.33,0.34,-25.391,-1000.0,20.996,-187.012,-31.738
21:26:25,neutral,0.677,0.6,0.33,0.33,0.34,3.906,-659.18,44.434,-83.496,-24.414
21:26:26,neutral,0.693,0.6,0.33,0.33,0.34,64.941,523.438,40.527,162.598,57.129
21:26:27,concentrating,0.734,1.0,0.33,0.33,0.34,-17.578,-1000.0,31.738,-184.082,-41.992
21:26:28,concentrating,0.833,1.0,0.33,0.33,0.34,70.801,521.484,26.367,177.246,40.527
21:26:30,concentrating,0.821,1.0,0.33,0.33,0.34,-15.625,-1000.0,44.434,-171.875,46.875
21:26:31,concentrating,0.77,1.0,0.33,0.33,0.34,-40.527,-1000.0,36.621,-185.547,11.23
21:26:32,concentrating,0.689,1.0,0.33,0.33,0.34,70.801,-879.395,21.973,217.285,64.941
21:26:33,concentrating,0.717,1.0,0.33,0.33,0.34,-9.277,-1000.0,34.18,-158.691,-11.719
21:26:34,concentrating,0.725,1.0,0.33,0.33,0.34,68.359,-844.727,23.926,219.727,49.316
21:26:36,concentrating,0.759,1.0,0.33,0.33,0.34,-24.902,-1000.0,37.598,-172.363,41.504
21:26:37,concentrating,0.761,1.0,0.33,0.33,0.34,60.547,-193.848,42.969,61.035,17.09
21:26:38,concentrating,0.738,1.0,0.33,0.33,0.34,-17.578,-1000.0,17.578,-168.945,-3.906
21:26:39,neutral,0.663,0.6,0.33,0.33,0.34,44.922,-213.379,13.672,24.414,34.18
21:26:40,neutral,0.679,0.6,0.33,0.33,0.34,32.227,189.453,31.738,19.531,-2.93
21:26:41,neutral,0.756,0.6,0.33,0.33,0.34,40.527,-184.082,37.109,48.828,60.547
21:26:43,neutral,0.735,0.6,0.33,0.33,0.34,66.406,901.855,51.27,211.914,61.523
21:26:44,neutral,0.663,0.6,0.33,0.33,0.34,3.906,-712.402,36.133,-116.699,-32.227
21:26:46,neutral,0.767,0.6,0.33,0.33,0.34,59.082,359.863,26.855,124.023,68.848
21:26:47,neutral,0.705,0.6,0.33,0.33,0.34,-10.254,-1000.0,23.926,-133.301,-0.977
21:26:48,neutral,0.787,0.6,0.33,0.33,0.34,-13.184,-1000.0,25.879,-181.152,9.766
21:26:49,neutral,0.69,0.6,0.33,0.33,0.34,-8.789,-1000.0,35.645,-170.898,38.574
21:26:50,neutral,0.696,0.6,0.33,0.33,0.34,1.953,-1000.0,36.621,-136.719,57.129
21:26:51,neutral,0.619,0.6,0.33,0.33,0.34,73.242,-878.906,29.785,225.098,65.918
21:26:53,concentrating,0.7,1.0,0.33,0.33,0.34,-74.707,-1000.0,36.621,-224.121,-31.738
21:26:54,concentrating,0.708,1.0,0.33,0.33,0.34,71.777,-862.793,40.527,208.496,55.664
21:26:55,concentrating,0.673,1.0,0.33,0.33,0.34,3.418,-1000.0,36.133,-153.32,-13.184
21:26:56,neutral,0.725,0.6,0.33,0.33,0.34,16.602,-352.539,49.316,-61.523,46.875
21:26:57,neutral,0.725,0.6,0.33,0.33,0.34,47.852,434.082,26.855,134.766,51.27
21:26:59,concentrating,0.696,1.0,0.33,0.33,0.34,-13.184,-1000.0,35.645,-153.809,-27.832
21:27:00,neutral,0.732,0.6,0.33,0.33,0.34,29.785,-989.258,41.992,154.785,43.457
21:27:01,neutral,0.649,0.6,0.33,0.33,0.34,0.977,-1000.0,31.25,-136.23,-44.922
21:27:02,neutral,0.735,0.6,0.33,0.33,0.34,87.891,-873.047,32.715,227.051,42.969
21:27:03,neutral,0.791,0.6,0.33,0.33,0.34,-0.977,-1000.0,41.504,-136.719,20.508
21:27:04,neutral,0.681,0.6,0.33,0.33,0.34,-4.883,-1000.0,35.156,-186.035,54.199
21:27:06,neutral,0.724,0.6,0.33,0.33,0.34,70.801,-772.461,26.367,202.148,63.477
21:27:07,neutral,0.761,0.6,0.33,0.33,0.34,72.266,-796.387,-211.914,256.348,77.637
21:27:08,neutral,0.828,0.6,0.33,0.33,0.34,76.66,-855.957,23.926,224.609,65.918
21:27:09,neutral,0.819,0.6,0.33,0.33,0.34,-13.184,-1000.0,28.809,-122.07,-32.227
21:27:10,neutral,0.803,0.6,0.33,0.33,0.34,65.918,-967.285,35.645,197.754,59.082
